Delivery,TransPlnngPt,Shipping Type,Total Weight,Net Weight,Total Volume,Weight UOM,Volume UOM,Invoice,Invoice Creation Date,Planned Delivery Date,Delivery Route,Ship to,Delivery Type,Shipping Point,Number of HUs,Transportation Group
176817767,2513,ZP90,"2,940.00","2,940.00","19,000.00",G,CCM,1510997018,1/20/2023,2/2/2023,1,70127594,ZPLF,2513,1,ZP01
176855488,2513,ZP90,881,881,"3,000.00",G,CCM,1510997574,1/20/2023,2/2/2023,1,70127594,ZPLF,2513,2,ZP01
176855490,2513,ZP90,"9,907.00","9,907.00","43,000.00",G,CCM,1511001372,1/20/2023,2/2/2023,1,70127594,ZPLF,2513,1,ZP01
176855492,2513,ZP90,"3,048.00","3,048.00","16,000.00",G,CCM,1510997570,1/20/2023,2/2/2023,1,70127594,ZPLF,2513,1,ZP01
176855493,2513,ZP90,"1,150,539.00","1,150,539.00","1,934,000.00",G,CCM,1511001070,1/20/2023,2/2/2023,1,70127594,ZPLF,2513,4,ZP01
176855495,2513,ZP90,"1,041.00","1,041.00","13,000.00",G,CCM,1510997575,1/20/2023,2/2/2023,1,70127594,ZPLF,2513,2,ZP01
176868381,2513,ZP90,960,960,"3,000.00",G,CCM,1510997378,1/20/2023,2/2/2023,1,70127594,ZPLF,2513,1,ZP04
176868382,2513,ZP90,403,403,"3,000.00",G,CCM,1510997016,1/20/2023,2/2/2023,1,70127594,ZPLF,2513,1,ZP01
176868384,2513,ZP90,"42,295.00","42,295.00","412,000.00",G,CCM,1510997576,1/20/2023,2/2/2023,1,70127594,ZPLF,2513,2,ZP01
176868385,2513,ZP90,129,129,"1,000.00",G,CCM,1510997017,1/20/2023,2/2/2023,1,70127594,ZPLF,2513,1,ZP01
176871484,2513,ZP90,"53,045.00","53,045.00","541,000.00",G,CCM,1511007136,1/23/2023,2/2/2023,1,70127594,ZPLF,2513,3,ZP01
176871485,2513,ZP90,"4,726.00","4,726.00","49,000.00",G,CCM,1511002801,1/21/2023,2/2/2023,1,70127594,ZPLF,2513,2,ZP01
176880399,2513,ZP90,"8,869.00","8,869.00","33,000.00",G,CCM,1511007132,1/23/2023,2/2/2023,1,70127594,ZPLF,2513,3,ZP01
176880400,2513,ZP90,"97,574.00","97,574.00","643,000.00",G,CCM,1511007134,1/23/2023,2/2/2023,1,70127594,ZPLF,2513,4,ZP01
176880401,2513,ZP90,"21,658.00","21,658.00","68,000.00",G,CCM,1511007131,1/23/2023,2/2/2023,1,70127594,ZPLF,2513,2,ZP01
176880402,2513,ZP90,76,76,"1,000.00",G,CCM,1511002796,1/21/2023,2/2/2023,1,70127594,ZPLF,2513,1,ZP01
176880403,2513,ZP90,"8,980.00","8,980.00","48,000.00",G,CCM,1511000322,1/20/2023,2/2/2023,1,70127594,ZPLF,2513,1,ZP01
176880405,2513,ZP90,500,500,"3,000.00",G,CCM,1511002795,1/21/2023,2/2/2023,1,70127594,ZPLF,2513,1,ZP01
176901996,2513,ZP90,"105,170.00","105,170.00","209,000.00",G,CCM,1511000318,1/20/2023,2/2/2023,1,70127594,ZPLF,2513,1,ZP01
176901998,2513,ZP90,"1,430.00","1,430.00","5,000.00",G,CCM,1511002800,1/21/2023,2/2/2023,1,70127594,ZPLF,2513,1,ZP01
176901999,2513,ZP90,"8,000.00","8,000.00","85,000.00",G,CCM,1511000321,1/20/2023,2/2/2023,1,70127594,ZPLF,2513,1,ZP01
176902000,2513,ZP90,"25,317.00","25,317.00","173,000.00",G,CCM,1511007129,1/23/2023,2/2/2023,1,70127594,ZPLF,2513,3,ZP01
176934592,2513,ZP90,393,393,"1,000.00",G,CCM,1511005850,1/23/2023,2/9/2023,1,70127594,ZPLF,2513,1,ZP01
176934593,2513,ZP90,171,171,"1,000.00",G,CCM,1511001646,1/20/2023,2/9/2023,1,70127594,ZPLF,2513,1,ZP01
176934594,2513,ZP90,"4,000.00","4,000.00","42,000.00",G,CCM,1511001693,1/21/2023,2/9/2023,1,70127594,ZPLF,2513,1,ZP01
176934595,2513,ZP90,"12,675.00","12,675.00","67,000.00",G,CCM,1511001674,1/20/2023,2/9/2023,1,70127594,ZPLF,2513,2,ZP01
176579581,2513,ZP90,"5,030.00","5,030.00","11,000.00",G,CCM,1511001873,1/21/2023,1/27/2023,1,70438306,ZPLF,2513,1,ZP01
176602729,2513,ZP90,20,20,0,G,CCM,1510996311,1/19/2023,1/23/2023,1,70012153,ZPLF,2513,1,ZP01
176602730,2513,ZP90,"1,693.00","1,693.00","3,000.00",G,CCM,1510996314,1/19/2023,1/23/2023,1,70012153,ZPLF,2513,2,ZP01
176602776,2513,ZP90,103,103,"1,000.00",G,CCM,1510996310,1/19/2023,1/23/2023,1,70012153,ZPLF,2513,1,ZP01
176602777,2513,ZP90,"3,925.00","3,925.00","12,000.00",G,CCM,1511001312,1/20/2023,1/23/2023,1,70012153,ZPLF,2513,3,ZP01
176635317,2513,ZP90,673,673,"3,000.00",G,CCM,1510996967,1/20/2023,1/23/2023,1,70012153,ZPLF,2513,2,ZP01
176661657,2513,ZP90,46,46,0,G,CCM,1510991512,1/18/2023,1/23/2023,1,70494719,ZPLF,2513,1,ZP01
176661907,2513,ZP90,"2,931.00","2,931.00","9,000.00",G,CCM,1510991862,1/19/2023,1/23/2023,1,70559301,ZPLF,2513,3,ZP01
176662567,2513,ZP90,"5,314.00","5,314.00","23,000.00",G,CCM,1510991908,1/19/2023,1/23/2023,1,70494719,ZPLF,2513,1,ZP01
176662916,2513,ZP90,"22,442.00","22,442.00","66,000.00",G,CCM,1510991823,1/19/2023,1/23/2023,1,70559301,ZPLF,2513,1,ZP01
176664015,2513,ZP90,34,34,0,G,CCM,1510991547,1/19/2023,1/23/2023,1,70559301,ZPLF,2513,1,ZP01
176664259,2513,ZP90,716,716,"1,000.00",G,CCM,1510996306,1/19/2023,1/23/2023,1,70494719,ZPLF,2513,2,ZP01
176664922,2513,ZP90,306,306,"2,000.00",G,CCM,1510991510,1/18/2023,1/23/2023,1,70494719,ZPLF,2513,1,ZP01
176664927,2513,ZP90,90,90,"1,000.00",G,CCM,1510991546,1/19/2023,1/23/2023,1,70559301,ZPLF,2513,1,ZP01
176665569,2513,ZP90,174,174,320,G,CCM,1510991822,1/19/2023,1/23/2023,1,70559301,ZPLF,2513,2,ZP01
176666378,2513,ZP90,54,54,423,G,CCM,1510995772,1/19/2023,1/23/2023,1,70494719,ZPLF,2513,1,ZP04
176667550,2513,ZP90,61,61,438,G,CCM,1510991548,1/19/2023,1/23/2023,1,70494719,ZPLF,2513,1,ZP01
176667557,2513,ZP90,271,271,"1,000.00",G,CCM,1510991827,1/19/2023,1/23/2023,1,70559301,ZPLF,2513,3,ZP01
176731609,2513,ZP90,"22,608.00","22,608.00","56,000.00",G,CCM,1510991266,1/18/2023,1/30/2023,1,70082236,ZPLF,2513,2,ZP01
176774619,2513,ZP90,"16,252.00","16,252.00","39,000.00",G,CCM,1510998836,1/20/2023,1/25/2023,1,70012430,ZPLF,2513,2,ZP01
176805965,2513,ZP90,132,132,0,G,CCM,1510993582,1/19/2023,1/25/2023,1,70135374,ZPLF,2513,1,ZP01
176822579,2513,ZP90,660,660,"5,000.00",G,CCM,1511001691,1/21/2023,1/25/2023,1,70012430,ZPLF,2513,2,ZP01
176822582,2513,ZP90,"3,420.00","3,420.00","13,000.00",G,CCM,1510993565,1/19/2023,1/25/2023,1,70012430,ZPLF,2513,1,ZP01
176822583,2513,ZP90,"5,433.00","5,433.00","40,000.00",G,CCM,1510998838,1/20/2023,1/25/2023,1,70012430,ZPLF,2513,2,ZP01
176822584,2513,ZP90,"67,464.00","67,464.00","169,000.00",G,CCM,1510996996,1/20/2023,1/25/2023,1,70012430,ZPLF,2513,1,ZP01
176822585,2513,ZP90,"313,320.00","313,320.00","819,000.00",G,CCM,1510996997,1/20/2023,1/25/2023,1,70012430,ZPLF,2513,1,ZP01
176824671,2513,ZP90,"6,648.00","6,648.00","16,000.00",G,CCM,1510998837,1/20/2023,1/25/2023,1,70012430,ZPLF,2513,1,ZP01
176824673,2513,ZP90,"2,307.00","2,307.00","28,000.00",G,CCM,1510997559,1/20/2023,1/25/2023,1,70012430,ZPLF,2513,2,ZP01
176850674,2513,ZP90,574,574,"7,000.00",G,CCM,1510993489,1/19/2023,1/25/2023,1,70438306,ZPLF,2513,1,ZP01
176859625,2513,ZP90,"8,592.00","8,592.00","15,000.00",G,CCM,1511001376,1/20/2023,1/30/2023,1,70082236,ZPLF,2513,1,ZP01
176867242,2513,ZP90,860,860,"9,000.00",G,CCM,1510996438,1/19/2023,1/25/2023,1,70012430,ZPLF,2513,1,ZP01
176867244,2513,ZP90,72,72,457,G,CCM,1510996439,1/19/2023,1/25/2023,1,70012430,ZPLF,2513,1,ZP01
176867246,2513,ZP90,"2,264.00","2,264.00","6,000.00",G,CCM,1510996436,1/19/2023,1/25/2023,1,70012430,ZPLF,2513,1,ZP01
176889777,2513,ZP90,190,190,"1,000.00",G,CCM,1511002412,1/21/2023,1/26/2023,1,70438306,ZPLF,2513,1,ZP04
176893413,2513,ZP90,140,140,"1,000.00",G,CCM,1510999111,1/20/2023,1/26/2023,1,70438306,ZPLF,2513,1,ZP01
176909296,2513,ZP90,102,102,0,G,CCM,1511001091,1/20/2023,1/26/2023,1,70012430,ZPLF,2513,1,ZP01
176942387,2513,ZP90,"5,060.00","5,060.00","34,000.00",G,CCM,1511001103,1/20/2023,1/27/2023,1,70012430,ZPLF,2513,1,ZP01
176942388,2513,ZP90,252,252,"2,000.00",G,CCM,1511001697,1/21/2023,1/27/2023,1,70012430,ZPLF,2513,1,ZP01
176942451,2513,ZP90,159,159,"1,000.00",G,CCM,1511001101,1/20/2023,1/27/2023,1,70522201,ZPLF,2513,1,ZP01
176952201,2513,ZP90,220,220,"2,000.00",G,CCM,1511005814,1/23/2023,1/27/2023,1,70438306,ZPLF,2513,1,ZP01
176952202,2513,ZP90,516,516,"2,000.00",G,CCM,1511002416,1/21/2023,1/27/2023,1,70438306,ZPLF,2513,1,ZP04
176955162,2513,ZP90,"1,020.00","1,020.00","2,000.00",G,CCM,1511003031,1/21/2023,1/27/2023,1,70012430,ZPLF,2513,1,ZP01
176955163,2513,ZP90,"5,520.00","5,520.00","13,000.00",G,CCM,1511002519,1/21/2023,1/27/2023,1,70012430,ZPLF,2513,1,ZP04
176964838,2513,ZP90,432,432,"5,000.00",G,CCM,1511001876,1/21/2023,1/27/2023,1,70090248,ZPLF,2513,1,ZP01
176975274,2513,ZP90,"1,600.00","1,600.00","8,000.00",G,CCM,1511005801,1/23/2023,1/27/2023,1,70089614,ZPLF,2513,1,ZP04
176318627,2513,ZP90,"39,878.00","39,878.00","156,000.00",G,CCM,1511001574,1/20/2023,1/23/2023,1,70130947,ZPLF,2513,2,ZP01
176318628,2513,ZP90,"60,440.00","60,440.00","268,000.00",G,CCM,1511001575,1/20/2023,1/23/2023,1,70130947,ZPLF,2513,2,ZP01
176370939,2513,ZP90,636,636,"2,000.00",G,CCM,1510966423,1/11/2023,1/18/2023,1,70089406,ZPLF,2513,1,ZP01
176516036,2513,ZP90,"10,304.00","10,304.00","68,000.00",G,CCM,1510982878,1/17/2023,1/26/2023,1,70012290,ZPLF,2513,3,ZP01
176538327,2513,ZP90,"12,408.00","12,408.00","149,000.00",G,CCM,1510987106,1/17/2023,1/26/2023,1,70012290,ZPLF,2513,2,ZP01
176571612,2513,ZP90,"3,552.00","3,552.00","6,000.00",G,CCM,1510986916,1/17/2023,1/24/2023,1,70012890,ZPLF,2513,1,ZP01
176571613,2513,ZP90,"6,864.00","6,864.00","12,000.00",G,CCM,1510986917,1/17/2023,1/24/2023,1,70012891,ZPLF,2513,1,ZP01
176576524,2513,ZP90,"104,880.00","104,880.00","191,000.00",G,CCM,1511004137,1/21/2023,1/25/2023,1,70082254,ZPLF,2513,2,ZP01
176613750,2513,ZP90,"4,272.00","4,272.00","8,000.00",G,CCM,1510983766,1/17/2023,1/25/2023,1,70086569,ZPLF,2513,1,ZP01
176623307,2513,ZP90,"3,568.00","3,568.00","7,000.00",G,CCM,1510981156,1/16/2023,1/25/2023,1,70012918,ZPLF,2513,1,ZP01
176631802,2513,ZP90,613,613,"5,000.00",G,CCM,1510981326,1/16/2023,1/20/2023,1,70383119,ZPLF,2513,3,ZP01
176640158,2513,ZP90,"7,224.00","7,224.00","14,000.00",G,CCM,1510983765,1/17/2023,1/25/2023,1,70012923,ZPLF,2513,1,ZP01
176642304,2513,ZP90,"32,808.00","32,808.00","58,000.00",G,CCM,1510983767,1/17/2023,1/25/2023,1,70012935,ZPLF,2513,2,ZP01
176657005,2513,ZP90,"11,319.00","11,319.00","46,000.00",G,CCM,1511002809,1/21/2023,2/6/2023,1,70089459,ZPLF,2513,3,ZP01
176670095,2513,ZP90,"19,317.00","19,317.00","78,000.00",G,CCM,1510987118,1/17/2023,1/26/2023,1,70012290,ZPLF,2513,4,ZP01
176673805,2513,ZP90,"28,047.00","28,047.00","45,000.00",G,CCM,1511002772,1/21/2023,1/25/2023,1,70086569,ZPLF,2513,3,ZP01
176673806,2513,ZP90,"89,796.00","89,796.00","361,000.00",G,CCM,1511002770,1/21/2023,1/25/2023,1,70086569,ZPLF,2513,2,ZP01
176673807,2513,ZP90,"19,608.00","19,608.00","32,000.00",G,CCM,1510988526,1/18/2023,1/25/2023,1,70012935,ZPLF,2513,1,ZP01
176673808,2513,ZP90,"92,452.00","92,452.00","336,000.00",G,CCM,1511001604,1/20/2023,1/25/2023,1,70012935,ZPLF,2513,2,ZP01
176677289,2513,ZP90,"31,216.00","31,216.00","101,000.00",G,CCM,1511002791,1/21/2023,1/26/2023,1,70130947,ZPLF,2513,3,ZP01
176681183,2513,ZP90,"1,616.00","1,616.00","4,000.00",G,CCM,1510980727,1/16/2023,1/25/2023,1,70012920,ZPLF,2513,1,ZP01
176682277,2513,ZP90,"14,496.00","14,496.00","50,000.00",G,CCM,1510988903,1/18/2023,1/25/2023,1,70012920,ZPLF,2513,1,ZP01
176682278,2513,ZP90,"30,248.00","30,248.00","90,000.00",G,CCM,1511001584,1/20/2023,1/25/2023,1,70012920,ZPLF,2513,2,ZP01
176689482,2513,ZP90,"752,478.00","752,478.00","1,871,000.00",G,CCM,1510998595,1/20/2023,1/27/2023,1,70436633,ZPLF,2513,4,ZP01
176698735,2513,ZP90,"919,755.00","919,755.00","1,406,000.00",G,CCM,1510995673,1/19/2023,1/27/2023,1,70436633,ZPLF,2513,4,ZP01
176699142,2513,ZP90,"5,058.00","5,058.00","23,000.00",G,CCM,1510998706,1/20/2023,1/30/2023,1,70089459,ZPLF,2513,3,ZP01
176699150,2513,ZP90,"8,880.00","8,880.00","17,000.00",G,CCM,1510996435,1/19/2023,1/25/2023,1,70089406,ZPLF,2513,1,ZP01
176699306,2513,ZP90,"16,728.00","16,728.00","70,000.00",G,CCM,1510989694,1/18/2023,1/25/2023,1,70012924,ZPLF,2513,1,ZP01
176708645,2513,ZP90,"3,584.00","3,584.00","7,000.00",G,CCM,1510989693,1/18/2023,1/25/2023,1,70482687,ZPLF,2513,1,ZP01
176710037,2513,ZP90,"16,148.00","16,148.00","21,000.00",G,CCM,1510989688,1/18/2023,1/24/2023,1,70382288,ZPLF,2513,2,ZP01
176711585,2513,ZP90,"12,132.00","12,132.00","61,000.00",G,CCM,1510998594,1/20/2023,1/26/2023,1,70278437,ZPLF,2513,3,ZP01
176716057,2513,ZP90,"9,487.00","9,487.00","66,000.00",G,CCM,1510998875,1/20/2023,1/23/2023,1,70012591,ZPLF,2513,5,ZP01
176723832,2513,ZP90,"6,000.00","6,000.00","11,000.00",G,CCM,1510989684,1/18/2023,1/24/2023,1,70382288,ZPLF,2513,1,ZP01
176723833,2513,ZP90,152,152,0,G,CCM,1511002759,1/21/2023,1/24/2023,1,70012891,ZPLF,2513,1,ZP01
176733055,2513,ZP90,"56,187.00","56,187.00","230,000.00",G,CCM,1511002802,1/21/2023,1/24/2023,1,70012890,ZPLF,2513,2,ZP01
176733063,2513,ZP90,"56,187.00","56,187.00","230,000.00",G,CCM,1511002819,1/21/2023,1/24/2023,1,70012891,ZPLF,2513,2,ZP01
176740060,2513,ZP90,"159,775.00","159,775.00","692,000.00",G,CCM,1511001586,1/20/2023,1/25/2023,1,70482687,ZPLF,2513,2,ZP01
176740435,2513,ZP90,432,432,"3,000.00",G,CCM,1510996442,1/19/2023,1/30/2023,1,70089459,ZPLF,2513,2,ZP01
176740558,2513,ZP90,336,336,"2,000.00",G,CCM,1510998604,1/20/2023,1/23/2023,1,70278438,ZPLF,2513,2,ZP01
176745054,2513,ZP90,339,339,"2,000.00",G,CCM,1510989689,1/18/2023,1/24/2023,1,70382288,ZPLF,2513,1,ZP01
176745062,2513,ZP90,"6,156.00","6,156.00","16,000.00",G,CCM,1510990073,1/18/2023,1/25/2023,1,70482687,ZPLF,2513,1,ZP01
176746218,2513,ZP90,"4,812.00","4,812.00","24,000.00",G,CCM,1510998596,1/20/2023,1/24/2023,1,70278442,ZPLF,2513,2,ZP01
176746219,2513,ZP90,400,400,"1,000.00",G,CCM,1510991036,1/18/2023,1/23/2023,1,70012890,ZPLF,2513,1,ZP01
176746220,2513,ZP90,"8,640.00","8,640.00","17,000.00",G,CCM,1510989692,1/18/2023,1/24/2023,1,70012891,ZPLF,2513,1,ZP01
176752736,2513,ZP90,"42,812.00","42,812.00","163,000.00",G,CCM,1511002776,1/21/2023,1/24/2023,1,70012890,ZPLF,2513,2,ZP01
176752737,2513,ZP90,"50,854.00","50,854.00","206,000.00",G,CCM,1511002827,1/21/2023,1/24/2023,1,70012891,ZPLF,2513,2,ZP01
176752739,2513,ZP90,"28,204.00","28,204.00","121,000.00",G,CCM,1510987313,1/18/2023,1/24/2023,1,70382288,ZPLF,2513,1,ZP01
176752741,2513,ZP90,"16,885.00","16,885.00","66,000.00",G,CCM,1511002777,1/21/2023,1/24/2023,1,70012890,ZPLF,2513,2,ZP01
176754590,2513,ZP90,"9,384.00","9,384.00","15,000.00",G,CCM,1511001588,1/20/2023,1/25/2023,1,70012924,ZPLF,2513,2,ZP01
176754621,2513,ZP90,"36,072.00","36,072.00","66,000.00",G,CCM,1510988906,1/18/2023,1/25/2023,1,70012924,ZPLF,2513,1,ZP01
176754622,2513,ZP90,"74,928.00","74,928.00","118,000.00",G,CCM,1511001591,1/20/2023,1/25/2023,1,70012920,ZPLF,2513,2,ZP01
176754623,2513,ZP90,"25,608.00","25,608.00","45,000.00",G,CCM,1510988937,1/18/2023,1/25/2023,1,70012920,ZPLF,2513,1,ZP01
176754624,2513,ZP90,"20,736.00","20,736.00","36,000.00",G,CCM,1510988908,1/18/2023,1/25/2023,1,70012922,ZPLF,2513,2,ZP01
176754629,2513,ZP90,"33,408.00","33,408.00","82,000.00",G,CCM,1510991247,1/18/2023,1/25/2023,1,70385954,ZPLF,2513,1,ZP01
176754657,2513,ZP90,"282,240.00","282,240.00","561,000.00",G,CCM,1510991250,1/18/2023,1/25/2023,1,70012907,ZPLF,2513,2,ZP01
176760546,2513,ZP90,"21,712.00","21,712.00","38,000.00",G,CCM,1510988522,1/18/2023,1/25/2023,1,70012918,ZPLF,2513,1,ZP01
176760550,2513,ZP90,622,622,"5,000.00",G,CCM,1510993638,1/19/2023,1/23/2023,1,70012665,ZPLF,2513,3,ZP01
176774663,2513,ZP90,"116,026.00","116,026.00","205,000.00",G,CCM,1511001640,1/20/2023,1/30/2023,1,70012106,ZPLF,2513,4,ZP01
176774664,2513,ZP90,"3,470.00","3,470.00","25,000.00",G,CCM,1511001638,1/20/2023,1/30/2023,1,70012106,ZPLF,2513,3,ZP01
176774666,2513,ZP90,"28,761.00","28,761.00","122,000.00",G,CCM,1511001639,1/20/2023,1/30/2023,1,70012106,ZPLF,2513,3,ZP01
176774667,2513,ZP90,"4,348.00","4,348.00","21,000.00",G,CCM,1510993652,1/19/2023,1/30/2023,1,70012106,ZPLF,2513,3,ZP01
176774669,2513,ZP90,"14,644.00","14,644.00","134,000.00",G,CCM,1510996346,1/19/2023,1/30/2023,1,70012106,ZPLF,2513,3,ZP01
176774671,2513,ZP90,301,301,"1,000.00",G,CCM,1510994040,1/19/2023,1/30/2023,1,70012106,ZPLF,2513,1,ZP01
176782264,2513,ZP90,"10,680.00","10,680.00","17,000.00",G,CCM,1510996475,1/19/2023,1/25/2023,1,70012890,ZPLF,2513,1,ZP01
176782265,2513,ZP90,"6,960.00","6,960.00","12,000.00",G,CCM,1510996917,1/20/2023,1/25/2023,1,70012890,ZPLF,2513,1,ZP01
176788371,2513,ZP90,"39,878.00","39,878.00","156,000.00",G,CCM,1511002771,1/21/2023,1/24/2023,1,70382288,ZPLF,2513,2,ZP01
176793424,2513,ZP90,"30,288.00","30,288.00","67,000.00",G,CCM,1511002769,1/21/2023,1/24/2023,1,70382288,ZPLF,2513,2,ZP01
176793425,2513,ZP90,"25,066.00","25,066.00","93,000.00",G,CCM,1511002793,1/21/2023,1/24/2023,1,70012891,ZPLF,2513,2,ZP01
176795690,2513,ZP90,"10,413.00","10,413.00","89,000.00",G,CCM,1511001645,1/20/2023,1/30/2023,1,70462646,ZPLF,2513,2,ZP01
176801687,2513,ZP90,"14,856.00","14,856.00","25,000.00",G,CCM,1511000462,1/20/2023,1/25/2023,1,70089387,ZPLF,2513,2,ZP01
176801688,2513,ZP90,"11,760.00","11,760.00","21,000.00",G,CCM,1510994675,1/19/2023,1/25/2023,1,70089387,ZPLF,2513,1,ZP01
176801689,2513,ZP90,"41,256.00","41,256.00","75,000.00",G,CCM,1511000485,1/20/2023,1/25/2023,1,70089387,ZPLF,2513,2,ZP01
176801913,2513,ZP90,789,789,"4,000.00",G,CCM,1510999472,1/20/2023,1/26/2023,1,70012714,ZPLF,2513,1,ZP01
176813946,2513,ZP90,"225,050.00","225,050.00","1,357,000.00",G,CCM,1511001644,1/20/2023,2/2/2023,1,70012290,ZPLF,2513,1,ZP01
176814802,2513,ZP90,28,28,0,G,CCM,1510993440,1/19/2023,1/24/2023,1,70012591,ZPLF,2513,1,ZP01
176816648,2513,ZP90,"15,900.00","15,900.00","68,000.00",G,CCM,1511001641,1/20/2023,1/26/2023,1,70012117,ZPLF,2513,1,ZP01
176825149,2513,ZP90,"4,272.00","4,272.00","7,000.00",G,CCM,1510996434,1/19/2023,1/25/2023,1,70082252,ZPLF,2513,1,ZP01
176826313,2513,ZP90,"1,824.00","1,824.00","3,000.00",G,CCM,1510994740,1/19/2023,1/25/2023,1,70089406,ZPLF,2513,1,ZP01
176826315,2513,ZP90,"15,558.00","15,558.00","28,000.00",G,CCM,1511004108,1/21/2023,1/25/2023,1,70082252,ZPLF,2513,2,ZP01
176829753,2513,ZP90,"10,366.00","10,366.00","50,000.00",G,CCM,1510998840,1/20/2023,1/30/2023,1,70012106,ZPLF,2513,3,ZP01
176830017,2513,ZP90,"1,920.00","1,920.00","5,000.00",G,CCM,1510994741,1/19/2023,1/25/2023,1,70082252,ZPLF,2513,1,ZP01
176830018,2513,ZP90,"10,848.00","10,848.00","20,000.00",G,CCM,1510996094,1/19/2023,1/25/2023,1,70082254,ZPLF,2513,1,ZP01
176845494,2513,ZP90,"2,203.00","2,203.00","15,000.00",G,CCM,1510998702,1/20/2023,1/30/2023,1,70436633,ZPLF,2513,2,ZP01
176845497,2513,ZP90,"36,024.00","36,024.00","66,000.00",G,CCM,1511004104,1/21/2023,1/25/2023,1,70082252,ZPLF,2513,2,ZP01
176848967,2513,ZP90,"2,515.00","2,515.00","23,000.00",G,CCM,1510998842,1/20/2023,1/30/2023,1,70436633,ZPLF,2513,2,ZP01
176855494,2513,ZP90,"4,934.00","4,934.00","25,000.00",G,CCM,1510998974,1/20/2023,2/2/2023,1,70127594,ZPLF,2513,2,ZP01
176871482,2513,ZP90,"5,527.00","5,527.00","51,000.00",G,CCM,1510999474,1/20/2023,1/26/2023,1,70012714,ZPLF,2513,2,ZP01
176872021,2513,ZP90,400,400,"5,000.00",G,CCM,1510998846,1/20/2023,1/26/2023,1,70012714,ZPLF,2513,1,ZP01
176872023,2513,ZP90,"1,418.00","1,418.00","7,000.00",G,CCM,1510999058,1/20/2023,1/26/2023,1,70012714,ZPLF,2513,2,ZP01
176872897,2513,ZP90,787,787,"5,000.00",G,CCM,1510999198,1/20/2023,1/26/2023,1,70012714,ZPLF,2513,3,ZP01
176872898,2513,ZP90,"1,416.00","1,416.00","7,000.00",G,CCM,1511001698,1/21/2023,1/26/2023,1,70012714,ZPLF,2513,4,ZP01
176872900,2513,ZP90,"1,313.00","1,313.00","5,000.00",G,CCM,1510999268,1/20/2023,1/26/2023,1,70012714,ZPLF,2513,4,ZP01
176872902,2513,ZP90,"1,593.00","1,593.00","10,000.00",G,CCM,1510998850,1/20/2023,1/26/2023,1,70012714,ZPLF,2513,2,ZP01
176872903,2513,ZP90,"34,342.00","34,342.00","173,000.00",G,CCM,1511002805,1/21/2023,1/26/2023,1,70012714,ZPLF,2513,5,ZP01
176872904,2513,ZP90,32,32,"43,000.00",G,CCM,1511001371,1/20/2023,1/26/2023,1,70012714,ZPLF,2513,1,ZP01
176872907,2513,ZP90,"1,716.00","1,716.00","11,000.00",G,CCM,1510998847,1/20/2023,1/26/2023,1,70012714,ZPLF,2513,1,ZP01
176872910,2513,ZP90,"9,407.00","9,407.00","18,000.00",G,CCM,1510998849,1/20/2023,1/26/2023,1,70012714,ZPLF,2513,2,ZP01
176872911,2513,ZP90,54,54,"72,000.00",G,CCM,1511001397,1/20/2023,1/26/2023,1,70012714,ZPLF,2513,1,ZP01
176873490,2513,ZP90,"16,047.00","16,047.00","90,000.00",G,CCM,1510998925,1/20/2023,2/2/2023,1,70012290,ZPLF,2513,3,ZP01
176880396,2513,ZP90,"3,568.00","3,568.00","7,000.00",G,CCM,1510996482,1/19/2023,1/25/2023,1,70012890,ZPLF,2513,1,ZP01
176880397,2513,ZP90,"1,064.00","1,064.00","1,000.00",G,CCM,1510996474,1/19/2023,1/25/2023,1,70012890,ZPLF,2513,1,ZP01
176880410,2513,ZP90,"1,155.00","1,155.00","8,000.00",G,CCM,1510999468,1/20/2023,1/26/2023,1,70012117,ZPLF,2513,1,ZP01
176880762,2513,ZP90,"4,320.00","4,320.00","8,000.00",G,CCM,1510996916,1/20/2023,1/25/2023,1,70130947,ZPLF,2513,1,ZP01
176880763,2513,ZP90,"1,704.00","1,704.00","4,000.00",G,CCM,1510996476,1/19/2023,1/25/2023,1,70130947,ZPLF,2513,1,ZP01
176880764,2513,ZP90,"9,520.00","9,520.00","17,000.00",G,CCM,1511001330,1/20/2023,1/25/2023,1,70130947,ZPLF,2513,2,ZP01
176880765,2513,ZP90,"3,568.00","3,568.00","7,000.00",G,CCM,1510996491,1/19/2023,1/25/2023,1,70130947,ZPLF,2513,1,ZP01
176880817,2513,ZP90,"3,584.00","3,584.00","7,000.00",G,CCM,1510996487,1/19/2023,1/25/2023,1,70012935,ZPLF,2513,1,ZP01
176880819,2513,ZP90,"6,960.00","6,960.00","12,000.00",G,CCM,1510996930,1/20/2023,1/25/2023,1,70012891,ZPLF,2513,1,ZP01
176880820,2513,ZP90,"15,740.00","15,740.00","27,000.00",G,CCM,1511001331,1/20/2023,1/25/2023,1,70012891,ZPLF,2513,2,ZP01
176880824,2513,ZP90,"3,584.00","3,584.00","7,000.00",G,CCM,1510996479,1/19/2023,1/25/2023,1,70382288,ZPLF,2513,1,ZP01
176880825,2513,ZP90,520,520,"1,000.00",G,CCM,1511001328,1/20/2023,1/25/2023,1,70382288,ZPLF,2513,1,ZP01
176880826,2513,ZP90,900,900,"2,000.00",G,CCM,1510996473,1/19/2023,1/25/2023,1,70382288,ZPLF,2513,1,ZP01
176880828,2513,ZP90,"3,584.00","3,584.00","7,000.00",G,CCM,1510996472,1/19/2023,1/25/2023,1,70086569,ZPLF,2513,1,ZP01
176880861,2513,ZP90,"3,552.00","3,552.00","6,000.00",G,CCM,1511009136,1/23/2023,1/25/2023,1,70482687,ZPLF,2513,1,ZP01
176890100,2513,ZP90,"1,917.00","1,917.00","13,000.00",G,CCM,1511002810,1/21/2023,2/6/2023,1,70089459,ZPLF,2513,2,ZP01
176898842,2513,ZP90,"3,768.00","3,768.00","9,000.00",G,CCM,1511004192,1/21/2023,1/26/2023,1,70382288,ZPLF,2513,3,ZP01
176904193,2513,ZP90,254,254,"1,000.00",G,CCM,1510999466,1/20/2023,1/26/2023,1,70012117,ZPLF,2513,1,ZP01
176907635,2513,ZP90,"1,380.00","1,380.00","11,000.00",G,CCM,1511001878,1/21/2023,2/6/2023,1,70436633,ZPLF,2513,2,ZP01
176922671,2513,ZP90,"483,647.00","483,647.00","919,000.00",G,CCM,1511001438,1/20/2023,2/2/2023,1,70012290,ZPLF,2513,1,ZP01
176928745,2513,ZP90,"15,475.00","15,475.00","142,000.00",G,CCM,1511003025,1/21/2023,1/26/2023,1,70012117,ZPLF,2513,2,ZP01
176930841,2513,ZP90,"7,795.00","7,795.00","61,000.00",G,CCM,1511001063,1/20/2023,2/9/2023,1,70012290,ZPLF,2513,1,ZP01
176934591,2513,ZP90,"3,200.00","3,200.00","34,000.00",G,CCM,1511001696,1/21/2023,2/6/2023,1,70012106,ZPLF,2513,1,ZP01
176942452,2513,ZP90,891,891,"6,000.00",G,CCM,1511001881,1/21/2023,1/30/2023,1,70012117,ZPLF,2513,2,ZP01
176746397,2513,ZP90,"78,336.00","78,336.00","398,000.00",G,CCM,1510998597,1/20/2023,1/27/2023,1,70462646,ZPLF,2513,3,ZP01
176746400,2513,ZP90,"118,200.00","118,200.00","998,000.00",G,CCM,1510998598,1/20/2023,1/27/2023,1,70462646,ZPLF,2513,3,ZP01
176795690,2513,ZP90,"10,413.00","10,413.00","89,000.00",G,CCM,1511001645,1/20/2023,1/30/2023,1,70462646,ZPLF,2513,2,ZP01
176811082,2513,ZP90,"7,660.00","7,660.00","57,000.00",G,CCM,1511001648,1/20/2023,1/30/2023,1,70462646,ZPLF,2513,4,ZP01
176867247,2513,ZP90,"13,860.00","13,860.00","81,000.00",G,CCM,1510998848,1/20/2023,1/30/2023,1,70462646,ZPLF,2513,2,ZP01
