,Depot,70017458,70017459,70017496,70017505,70017526,70017539,70017600,70018354,70018486,70019315,70019322,70019375,70019381,70019384,70019391,70019392,70019410,70019425,70019426,70019459,70019475,70019476,70019480,70019482,70019513,70019527,70019549,70019554,70019564,70020103,70029285,70030492,70030499,70030842,70031292,70031293,70034004,70042197,70043250,70043420,70081032,70082414,70083842,70084418,70084927,70084983,70130674,70130675,70132664,70132665,70133553,70138438,70155196,70155987,70238985,70244565,70246377,70248476,70286419,70288587,70337217,70337705,70343296,70347238,70351598,70361410,70362005,70373907,70374983,70375866,70382544,70382797,70390788,70390791,70390799,70395155,70396492,70398370,70398392,70400253,70401488,70408061,70408272,70408277,70408280,70412170,70428043,70433908,70435202,70450886,70464520,70465560,70484079,70490240,70494785,70494786,70494791,70521396,70521405,70525152,70535019,70544149,70548634,70556250,70584255
Depot,0.0,46886.1,45911.1,47823.7,46334.6,50810.7,53020.0,59831.3,46227.6,57035.0,48280.1,60041.9,60114.0,61975.0,50239.7,49778.0,47197.2,59894.9,54749.9,55576.2,33365.4,53606.9,60585.2,56593.0,61792.0,53032.9,9007.0,55199.8,62810.6,47104.8,48206.6,33720.9,59474.3,75428.0,45442.0,43194.1,51428.0,49805.6,56439.1,35338.8,49080.0,41611.9,43212.4,45952.3,54819.0,53220.9,55551.3,58732.4,49175.0,32796.5,63325.0,47001.0,59014.3,37910.6,49577.0,51860.3,50085.5,54892.0,80474.7,60116.6,60090.4,63116.7,59400.1,48588.4,56478.9,45485.7,53448.0,63988.4,49422.8,61106.6,62091.8,55871.0,46600.5,54045.9,59038.7,50377.3,47581.8,60663.1,51157.8,54119.4,47609.9,46285.0,46818.5,63486.6,62281.6,48663.4,60352.8,41596.1,46730.2,45587.8,75281.7,47937.6,35416.6,62282.0,48658.4,55070.6,53358.6,50602.7,70530.2,38174.3,58823.4,50024.3,30806.1,58646.5,49717.2,46487.7
70017458,46603.0,0.0,891.8,3930.4,815.5,7077.5,9286.9,16098.1,6310.8,13301.8,4546.9,16308.7,16380.9,18241.8,6506.6,4408.2,4870.6,16161.8,16835.0,22513.2,24426.5,19205.0,16852.0,30338.1,18058.9,6719.6,45147.1,13613.6,19077.5,5011.5,8191.6,23091.3,22587.3,31694.8,5283.5,8388.9,7694.9,10335.3,15405.9,22121.1,2593.9,9474.8,6036.1,1972.9,16904.1,9487.7,22488.3,14999.3,5441.8,24188.8,30262.0,7662.2,17182.3,10212.6,5843.9,8127.1,9348.5,16670.8,43587.7,23229.6,23203.5,19383.5,22513.2,2102.3,15445.7,2428.2,9714.9,20255.3,3567.0,17373.4,18358.7,29616.1,7261.7,12479.7,17206.6,6644.2,5481.2,16929.9,7424.7,10386.2,5037.6,1498.9,6094.6,19753.5,29218.6,2807.6,16619.7,9459.0,4403.6,2281.7,31548.5,2081.8,27529.2,18548.8,2802.5,13484.4,11792.4,6869.5,26797.1,11204.3,21936.5,6291.1,27036.1,21759.5,5984.1,2594.4
70017459,45983.7,877.6,0.0,3022.8,525.2,7744.6,9954.0,16765.2,4606.2,13968.9,5214.0,16975.8,17048.0,18908.9,7173.6,4830.4,5673.7,16828.9,17502.1,23180.2,22721.9,19872.1,17519.1,28633.5,18725.9,5801.8,44527.8,14280.6,19744.5,5678.6,8858.7,21386.7,23254.4,32361.9,7617.8,10527.0,8361.9,11002.3,16073.0,20416.5,3016.1,8555.2,5116.6,2776.0,17571.2,10154.8,23155.4,15666.3,6108.9,22484.2,30929.1,8329.3,17849.3,9593.3,6510.9,8794.2,10015.6,17337.9,44254.8,23896.7,23870.6,20050.6,23180.3,2524.5,16112.8,1508.6,10382.0,20922.3,2805.9,18040.5,19025.7,27911.5,7928.7,13146.8,17873.7,7311.2,6148.3,17597.0,8091.7,11053.3,5704.7,2302.0,6761.7,20420.5,29885.6,1873.0,17286.7,8539.5,5774.6,1937.7,32215.6,1278.2,25824.6,19215.9,1868.0,14151.4,12459.5,7536.6,27464.1,10585.0,22603.5,6958.2,25331.5,22426.6,6651.1,1686.8
70017496,47680.7,3108.9,3102.5,0.0,3288.0,9591.9,11801.3,18612.5,4840.8,13938.7,7061.3,18823.1,18895.3,20756.2,9021.0,6677.7,8970.9,18676.2,19349.4,25027.5,20690.6,21719.4,19366.4,26602.2,20573.2,7354.7,46224.8,16127.9,21591.8,7525.9,10706.0,19355.4,25101.7,33207.8,9465.2,12374.4,10209.2,12849.7,17920.3,18385.2,4863.4,10721.8,6991.4,4933.3,19418.5,12002.1,25002.7,17513.6,7956.2,20452.9,32776.4,10176.6,19696.6,11290.3,8358.3,10641.5,11862.9,19185.2,46102.1,25744.0,25717.9,21897.9,25027.6,4371.8,17960.1,5454.6,12229.3,22769.6,5206.2,19887.8,20873.1,25880.2,9776.1,14994.1,19721.0,9158.6,7995.6,19444.3,9939.1,12900.6,7552.0,4459.3,8609.0,22267.8,31733.0,4446.8,19134.0,10706.0,7622.0,5242.1,33061.5,3721.0,23793.3,21063.2,4441.8,15998.8,14306.8,9383.9,28310.0,12282.0,24450.9,8805.5,23300.2,24273.9,8498.4,2446.4
70017505,45761.3,960.5,189.3,3227.9,0.0,7827.5,10036.9,16848.1,4823.3,14051.8,5296.9,17058.7,17130.9,18991.8,7256.5,4913.3,5347.2,16911.8,17585.0,23263.1,22938.9,19955.0,17602.0,28850.6,18808.8,5884.8,44305.4,14363.5,19827.4,5761.5,8941.6,21603.8,23337.3,32444.8,7700.8,10609.9,8444.8,11085.2,16155.9,20633.6,3099.0,8772.3,5333.7,1940.4,17654.1,10237.7,23238.3,15749.2,6191.8,22701.3,31012.0,8412.2,17932.2,9370.9,6593.8,8877.1,10098.5,17420.8,44337.7,23979.6,23953.5,20133.5,23263.2,2607.4,16195.7,1725.7,10464.9,21005.2,2888.9,18123.4,19108.7,28128.5,8011.6,13229.7,17956.6,7394.1,6231.2,17679.9,8174.6,11136.2,5787.6,1975.5,6844.6,20503.4,29968.5,1955.9,17369.6,8756.6,5857.6,1715.3,32298.5,1361.1,26041.6,19298.8,1950.9,14234.3,12542.4,7619.5,27547.0,10362.6,22686.4,7041.1,25548.6,22509.5,6734.0,1891.9
70017526,49320.8,6110.8,5921.0,8036.2,5844.7,0.0,4495.6,11306.8,8384.6,8510.5,2292.7,11517.4,11589.6,13450.5,2486.5,2242.2,5724.4,11370.5,12043.7,17721.8,26500.2,14413.7,12060.7,32411.8,13267.5,3443.9,47864.8,8822.2,14286.1,5140.8,6108.1,25165.0,17796.0,26903.5,6602.9,9266.7,2914.3,7029.6,10614.6,24194.8,4714.7,12361.4,8922.8,4621.5,12112.8,4696.4,17697.0,10207.9,2543.7,26262.5,25470.7,5891.0,12390.9,12941.7,3559.2,2161.4,6042.8,11879.5,38796.4,18438.3,18412.2,14592.2,17721.9,4223.1,10654.4,5953.0,4923.6,15463.9,4926.1,12582.1,13567.4,31689.8,5490.4,7688.4,12415.3,759.3,3811.9,12138.6,2017.8,5594.9,4308.9,4406.0,5362.6,14962.1,24427.3,6484.5,11828.3,10192.1,4826.1,4358.2,26757.2,5758.7,29602.9,13757.5,6479.5,8693.1,7001.1,2785.0,22005.7,13323.5,17145.2,2243.4,29109.8,16968.2,1340.4,6609.1
70017539,52904.8,9694.8,9505.1,11620.3,9428.8,3735.4,0.0,9864.0,11968.6,7067.7,5876.8,10074.6,10146.8,12007.7,4674.4,5826.3,7678.4,9927.7,8833.4,14511.5,30084.3,11203.4,10617.9,35995.9,11824.7,6126.2,51448.9,5611.9,12843.3,8724.9,6790.1,28749.1,14585.7,25460.7,8864.5,10699.4,2736.5,5939.0,7404.3,27778.9,8298.8,12427.0,12506.8,8205.6,8902.5,3252.8,14486.7,8765.1,6127.8,29846.6,22260.4,7317.3,9180.6,16525.7,7143.3,4533.4,4952.3,8669.2,35586.1,15228.0,15201.9,13149.4,14511.6,7807.2,7444.1,9537.1,3479.9,14021.1,8510.2,11139.3,12124.6,35273.9,9074.5,4478.1,9205.0,4635.0,7395.9,10695.8,3830.9,2384.6,7893.0,7990.0,7316.5,13519.3,21217.0,10068.6,10385.5,11624.7,7921.7,7942.2,25314.4,9342.8,33187.0,12314.7,10063.6,5482.8,3790.8,3005.0,20562.9,16907.5,13934.9,4086.7,32693.9,13757.9,4924.4,10193.2
70017600,59615.5,16405.5,16215.7,18331.0,16139.5,10446.1,8510.7,0.0,18679.3,3805.6,12587.5,932.4,1004.5,4570.5,11385.0,12537.0,13600.7,785.4,9917.3,15605.4,36794.9,12287.3,1475.7,42706.5,5878.3,12836.9,58159.6,3884.0,3311.6,14185.3,12537.6,35459.7,15669.6,12903.2,14786.8,16621.7,11469.6,12082.3,8488.2,34489.5,15009.5,18349.3,18892.8,14916.2,9986.4,8018.5,15580.5,4065.9,12838.4,36557.2,23354.2,13064.8,5894.2,23236.4,13220.0,11244.0,11095.5,9753.1,38323.8,16311.9,16285.8,7166.6,15595.5,14517.8,8528.0,16247.7,7797.9,4967.8,15220.9,1275.3,6141.7,41984.5,14382.2,9349.9,5918.6,11345.7,12895.3,831.8,10541.5,9082.3,13132.2,14700.7,13238.9,7536.5,22310.8,16779.2,2658.8,17547.1,13844.1,14652.9,12580.3,16053.5,39897.6,2450.7,16774.2,4013.2,8647.4,11611.8,7828.8,22718.4,15018.8,10797.4,39404.6,15953.5,11635.1,16903.8
70018354,45203.5,4533.0,3671.6,5586.5,3734.1,8561.4,10770.7,17581.9,0.0,14785.6,6030.8,17792.5,17864.7,19725.6,7990.4,7528.6,6437.4,17645.6,18318.8,23997.0,20585.2,20688.8,18335.8,26496.8,19542.7,11203.8,43747.6,15097.4,20561.3,6446.6,9688.4,19250.0,24071.2,33178.6,7014.0,11126.9,9178.7,11819.1,16889.7,18279.8,5645.0,8244.2,4805.5,3702.9,18387.9,10971.5,23972.1,16483.1,6925.6,20347.5,31745.8,8388.2,18666.1,8824.4,7327.7,9611.0,10832.3,18154.7,45071.6,24713.4,24687.3,20867.3,23997.0,5153.3,16929.6,3246.2,11198.7,21739.1,7185.6,18857.2,19842.5,25774.8,7987.6,13963.5,18690.4,8128.0,7580.3,18413.7,8908.5,11870.0,6534.4,4035.7,6889.3,21237.3,30702.4,5438.2,18103.5,8228.4,5970.3,3338.5,33032.3,5700.4,23687.9,20032.7,5433.2,14968.2,13276.2,8353.3,28280.9,9206.2,23420.3,7774.9,23194.9,23243.3,7467.9,4250.5
70018486,57213.7,14003.7,13813.9,14036.3,13737.6,8044.3,7533.9,3434.4,16277.5,0.0,10185.6,3645.0,3717.2,7031.2,8983.2,10135.1,12624.0,3498.1,11388.6,17076.7,34393.1,13758.7,4188.3,40304.7,6848.2,9307.2,55757.7,4305.4,7866.8,13208.5,11560.9,33057.9,17141.0,16337.6,13810.1,15644.9,9067.8,11105.6,9959.5,32087.7,12607.6,17372.6,16815.7,12514.4,11457.7,5617.8,17051.8,3788.6,10436.6,34155.4,24825.6,12088.1,7365.6,20834.5,12243.3,8842.2,10118.8,11224.5,38141.4,17783.2,17757.1,8172.8,17066.8,12116.0,9999.4,13845.9,5396.0,9044.6,12819.0,4709.7,7148.0,39582.7,13405.4,8357.9,7389.9,8943.9,11918.5,4266.2,8139.7,8105.6,12155.5,12298.9,12262.1,8542.8,23782.1,14377.4,5409.0,16570.3,12867.3,12251.0,16014.6,13651.6,37495.8,5885.1,14372.4,4434.6,7670.7,9210.0,11263.2,21216.4,16490.1,8395.6,37002.7,16959.8,9233.3,14502.0
70019315,48744.0,5534.0,5344.3,7459.5,5268.0,3352.3,5561.7,12372.9,7807.8,9576.6,0.0,12583.5,12655.6,14516.6,2781.3,3684.4,4528.4,12436.5,13109.7,18787.9,25923.5,15479.8,13126.8,31835.1,14333.6,5994.8,47288.1,9888.3,15352.2,3944.8,4912.0,24588.3,18862.1,27969.6,5406.8,8070.7,3969.6,6854.6,11680.7,23618.1,2770.0,9798.3,8346.0,4044.8,13178.9,5762.5,18763.0,11274.0,1716.6,25685.8,26536.8,4694.9,13457.0,12364.9,2363.2,4401.9,5867.8,12945.6,39862.5,19504.4,19478.3,15658.3,18788.0,3646.4,11720.5,5376.3,5989.6,16530.0,4114.0,13648.2,14633.4,31113.1,4294.4,8754.5,13481.4,2918.9,2615.8,13204.7,3699.4,6661.0,3112.8,3829.3,4166.5,16028.2,25493.3,5907.8,12894.4,8996.1,3630.0,3781.4,27823.3,5182.0,29026.2,14823.6,5902.8,9759.1,8067.2,3079.8,23071.8,12746.7,18211.2,2565.9,28533.1,18034.3,3208.3,6032.4
70019322,60342.5,17132.5,16942.8,19058.0,16866.5,11173.1,9237.7,904.8,19406.3,4214.7,13314.5,0.0,375.5,4079.9,12112.1,13264.0,14327.8,264.1,9184.1,14872.2,37522.0,11554.1,742.5,43433.6,4643.7,13563.9,58886.6,3150.8,2821.0,14912.3,13264.7,36186.8,14936.4,13782.2,15513.9,17348.7,12196.7,12809.3,7755.0,35216.6,15736.5,19076.4,19619.9,15643.3,9253.2,8745.5,14847.3,3332.7,13565.5,37284.3,22621.0,13791.8,5161.0,23963.4,13947.1,11971.1,11822.6,9019.9,35936.8,15578.7,15552.6,5968.3,14862.3,15244.9,7794.8,16974.8,8524.9,4477.1,15947.9,2154.3,4943.5,42711.6,15109.2,8616.7,5185.4,12072.8,13622.3,1710.8,11268.6,9809.3,13859.3,15427.7,13965.9,6338.3,21577.6,17506.3,1759.6,18274.1,14571.1,15379.9,13459.3,16780.5,40624.7,3329.8,17501.3,3280.0,6914.5,12338.9,8707.8,23445.4,14285.6,11524.4,40131.6,14755.3,12362.1,17630.9
70019375,60429.4,17219.4,17029.6,19144.8,16953.3,11260.0,9324.5,1188.0,19493.2,4497.9,13401.3,338.1,0.0,4563.3,12198.9,13350.8,14414.6,191.2,9270.9,14959.0,37608.8,11641.0,829.3,43520.4,4730.5,13650.8,58973.4,3237.7,3304.4,14999.1,13351.5,36273.6,15023.3,14065.4,15600.7,17435.6,12283.5,12896.2,7841.8,35303.4,15823.3,19163.2,19706.7,15730.1,9340.0,8832.4,14934.1,3419.6,13652.3,37371.1,22707.9,13878.7,5247.9,24050.3,14033.9,12057.9,11909.4,9106.8,36023.7,15665.5,15639.4,6055.2,14949.1,15331.7,7881.7,17061.6,8611.7,4960.6,16034.7,2437.5,5030.3,42798.4,15196.0,8703.5,5272.2,12159.6,13709.1,1994.0,11355.4,9896.2,13946.1,15514.6,14052.7,6425.1,21664.4,17593.1,1869.5,18360.9,14657.9,15466.7,13742.4,16867.3,40711.5,3612.9,17588.1,3366.9,7001.3,12425.7,8991.0,23532.3,14372.4,11611.3,40218.4,14842.1,12449.0,17717.7
70019381,61467.3,18257.3,18067.5,20182.7,17991.2,12297.9,10362.5,4770.5,20531.1,7004.5,14439.2,4040.0,4358.1,0.0,13236.8,14388.7,15452.5,4304.1,10113.8,15801.9,38646.7,12483.8,3810.4,44558.3,1375.5,14688.7,60011.3,4275.6,2357.7,16037.0,14389.4,37311.5,12551.5,17712.6,16638.6,18473.5,13321.4,13934.1,8684.7,36341.3,16861.2,20201.1,20744.6,16768.0,10182.9,9870.3,15777.0,4457.5,14690.2,38409.0,23550.7,14916.6,6090.7,25088.2,15071.8,13095.8,12947.3,9949.6,33821.0,13193.8,13167.6,2663.8,12477.4,16369.6,8724.5,18099.5,9649.6,3535.5,17072.6,6045.8,1639.0,43836.3,16233.9,9546.4,6115.1,13197.5,14747.0,5602.3,12393.3,10934.1,14984.0,16552.5,15090.6,3033.7,22507.3,18631.0,2318.0,19398.8,15695.8,16504.6,17389.6,17905.2,41749.4,7260.1,18626.0,4404.8,8039.2,13463.6,12638.2,24570.2,11988.4,12649.2,41256.3,11450.8,13486.9,18755.6
70019384,51070.1,7860.1,7670.4,9785.6,7594.1,1901.8,4102.0,10913.2,10133.9,8116.9,4042.1,11123.9,11196.0,13056.9,0.0,3991.6,5743.7,10976.9,11650.1,17328.3,28249.5,14020.2,11667.1,34161.2,12874.0,4324.2,49614.2,8428.7,13892.6,4239.7,4855.4,26914.4,17402.5,26510.0,6929.8,8764.7,1516.6,5030.8,10221.0,25944.2,6464.1,10492.3,9277.0,6370.8,11719.2,4302.9,17303.4,9814.4,1903.8,28011.9,25077.1,5382.6,11997.4,14691.0,2658.1,2731.4,4044.0,11486.0,38402.9,18044.8,18018.6,14198.6,17328.3,5972.5,10260.9,7702.4,4530.0,15070.4,6675.5,12188.6,13173.8,33439.1,6525.2,7294.8,12021.7,2800.3,2910.7,11745.0,2028.9,5201.3,3407.7,6155.3,5381.9,14568.6,24033.7,8233.9,11434.8,9690.1,3924.9,6107.5,26363.6,7508.1,31352.2,13364.0,8228.8,8299.5,6607.6,458.6,21612.2,14861.4,16751.6,870.8,30859.2,16574.7,3089.7,8358.5
70019391,49665.1,4627.7,4706.9,6553.1,4630.7,2171.9,6394.9,13206.1,8728.9,10409.8,3806.7,13416.7,13488.9,15349.8,3537.6,0.0,7418.1,13269.8,13943.0,19621.2,26844.5,16313.0,13960.0,32756.1,15166.9,2509.7,48209.2,10721.6,16185.5,5973.1,7622.1,25509.3,19695.4,28802.8,7912.4,10780.7,4813.6,8408.3,12513.9,24539.2,2526.4,12705.7,9267.1,4965.8,14012.1,4178.0,19596.3,12107.3,4057.7,26606.8,27370.0,7405.0,14290.3,13286.0,5073.2,2417.8,7421.5,13778.9,40695.8,20337.6,20311.5,16491.5,19621.2,2975.6,12553.8,6297.4,6822.9,17363.3,3870.5,14481.4,15466.7,32034.1,7004.4,9587.7,14314.6,2454.6,5325.9,14037.9,2979.7,7494.2,5999.2,3892.8,7056.3,16861.5,26326.6,5001.4,13727.7,11706.1,6069.2,4702.5,28656.5,4275.6,29947.2,15656.9,4996.4,10592.4,8900.4,3836.1,23905.1,13667.8,19044.5,4142.7,29454.2,18867.5,1398.8,5126.0
70019392,46792.8,6213.1,6023.3,8138.5,5947.0,6541.8,6388.0,13010.9,9299.6,12766.1,4011.2,13221.5,13293.7,15154.6,3996.7,5801.4,0.0,13074.6,12554.8,18232.9,24576.8,14924.8,13764.8,32445.1,14971.7,9184.3,45336.9,9353.4,15990.3,1398.3,3550.3,23241.6,18307.1,29637.9,2337.5,4172.3,6541.3,5225.8,11125.7,22271.4,4817.0,5900.0,6284.4,3991.3,12623.9,8952.0,18208.1,11912.1,4906.1,24339.1,25981.8,1950.8,10936.5,10328.2,1437.2,7591.4,4239.1,12390.6,39307.5,18949.4,18923.3,16296.3,18233.0,4325.4,11165.5,5298.2,9179.1,17168.1,7346.2,14286.2,15271.5,31723.1,1550.3,8199.5,10960.9,6108.4,1215.1,13842.7,6888.9,6433.0,1109.9,3775.8,451.9,16666.3,24938.3,6586.8,13532.5,5097.7,1057.1,3700.7,29491.6,5861.0,29636.2,15461.7,6581.8,9224.2,7512.2,3962.0,24740.2,10269.0,17656.2,5755.4,27186.4,17479.3,5740.7,6711.4
70019410,60290.3,17080.3,16890.5,19005.8,16814.3,11120.9,9185.5,1051.8,19354.1,4361.6,13262.2,146.9,323.2,4226.8,12059.8,13211.8,14275.5,0.0,9131.8,14819.9,37469.7,11501.9,690.2,43381.3,4591.4,13511.7,58834.3,3098.6,2967.9,14860.0,13212.4,36134.5,14884.2,13929.2,15461.6,17296.5,12144.4,12757.1,7702.8,35164.3,15684.3,19024.1,19567.6,15591.0,9201.0,8693.3,14795.1,3280.5,13513.2,37232.0,22568.8,13739.6,5108.8,23911.2,13894.8,11918.8,11770.3,8967.7,35884.6,15526.5,15500.3,5916.1,14810.1,15192.6,7742.6,16922.5,8472.7,4624.1,15895.7,2301.3,4891.2,42659.3,15057.0,8564.4,5133.1,12020.5,13570.0,1857.8,11216.3,9757.1,13807.0,15375.5,13913.7,6286.0,21525.3,17454.0,1730.4,18221.9,14518.8,15327.7,13606.2,16728.3,40572.4,3476.7,17449.0,3227.8,6862.2,12286.6,8854.8,23393.2,14233.3,11472.2,40079.3,14703.0,12309.9,17578.6
70019425,54661.6,17187.9,16998.2,19113.4,16921.9,11105.8,7937.6,10102.4,19338.9,12336.4,13638.4,9371.8,9689.9,9272.1,10901.3,13196.6,12979.4,9635.9,0.0,6905.6,38223.7,2688.9,9142.3,43366.2,9089.1,13496.6,53205.7,7465.5,10107.7,13564.0,12816.9,36888.5,6071.2,22385.0,14165.5,13975.6,10106.8,11461.0,1707.7,35918.3,15791.9,16235.1,18271.5,15575.9,87.7,10623.1,6880.7,9789.3,13498.1,37986.0,14654.4,12443.5,5432.5,18199.3,12598.7,11903.7,10474.2,160.6,27071.6,6713.4,6687.3,10413.8,5997.0,15300.3,1747.6,16907.4,10850.3,11285.5,15880.5,11377.7,9388.9,42644.2,13760.9,4917.8,5456.9,12005.4,12274.0,10934.2,11201.2,8509.3,12510.9,15360.4,12617.6,10783.7,13611.0,17561.7,7649.9,16925.8,13222.8,15312.5,22062.1,16835.9,40557.3,11932.6,17556.7,7336.3,7157.1,10421.7,17310.6,18457.9,5420.3,11457.1,40833.3,5243.4,12294.8,17686.3
70019426,55273.4,22778.3,22588.5,24703.8,22512.3,16696.1,13528.0,15707.0,27128.0,17941.0,19228.7,14976.5,15294.5,14876.7,16491.7,18787.0,18569.8,15240.5,6676.1,0.0,38835.4,5533.1,14746.9,46695.8,14693.7,19086.9,53817.4,13055.9,15712.3,19154.3,13428.6,37500.2,11400.5,27989.7,18498.5,14587.3,15697.2,14451.0,8365.3,36530.0,21382.3,16846.8,24112.8,21166.2,6745.2,16213.5,120.0,15393.9,19088.4,38597.7,7845.3,14424.5,11037.2,18811.0,18189.1,17494.0,16064.6,6818.2,25147.1,12042.8,12016.6,16018.4,11326.4,20890.6,8405.2,22497.8,16440.6,16890.1,21470.9,16982.3,14993.6,45973.7,14726.9,10508.2,11061.5,17595.7,17864.3,16538.8,16791.6,14099.6,18101.3,20950.7,18207.9,16388.3,6801.9,23152.0,13254.5,17882.0,18813.1,20902.9,27666.7,22426.3,43886.8,17537.2,23147.0,12926.7,12747.4,16012.1,22915.2,19069.6,10749.6,17047.4,41445.0,10572.7,17885.1,23276.6
70019459,33490.6,21530.6,21524.2,19626.0,21709.6,26495.9,28705.3,35516.5,18078.5,32720.2,23965.3,35727.1,35799.3,37660.2,25925.0,25463.2,24144.3,35580.2,37005.6,37831.9,0.0,35862.6,36270.4,13165.6,37477.3,29138.4,32337.7,32361.0,38495.9,24051.9,25367.8,583.4,41730.0,51113.2,22389.1,23111.8,27113.3,26966.8,34133.3,2201.3,23285.1,21465.3,19304.3,21637.5,37074.8,28906.1,37807.0,34417.7,24860.2,948.1,45580.8,24162.2,33944.1,19438.3,25262.3,27545.5,27246.7,37147.7,62730.4,42372.3,42346.2,38801.9,41655.9,22793.4,34173.1,21180.8,29133.3,39673.7,23627.9,36791.8,37777.1,13858.0,23761.7,31207.1,33968.5,26062.6,25514.9,36348.3,26843.1,29804.6,24557.0,21970.2,23979.7,39171.9,44537.3,22868.4,36038.1,20663.0,23677.3,21273.1,50966.9,22142.7,6324.9,37967.3,22863.4,32231.8,30519.8,26287.9,46215.5,20430.0,41079.1,25709.5,3795.4,40902.2,25402.5,20868.1
70019475,52391.1,19515.2,19325.4,21440.6,19249.1,13433.0,10264.9,12429.6,24245.8,14663.6,15965.6,11699.1,12017.2,11599.3,13228.6,15523.9,15306.7,11963.2,2345.8,4635.1,35953.2,0.0,11469.6,43813.6,11416.3,15823.8,50935.2,9792.7,12435.0,15891.2,10546.4,34618.0,7070.2,24712.3,15616.3,11705.1,12434.1,11568.8,4035.0,33647.8,18119.1,13964.6,21230.6,17903.1,2414.9,12950.3,4610.2,12116.6,15825.3,35715.5,12383.9,11542.3,7759.8,15928.8,14926.0,14230.9,12801.5,2487.9,28070.6,7712.4,7686.3,12741.0,6996.0,17627.5,4074.8,19234.7,13177.5,13612.7,18207.8,13704.9,11716.2,43091.5,11844.7,7245.0,7784.1,14332.6,14601.2,13261.4,13528.4,10836.5,14838.2,17687.6,14944.8,14147.6,11340.5,19888.9,9977.1,14999.8,15550.0,17639.8,24389.3,19163.1,41004.6,14259.8,19883.9,9663.6,9484.3,12749.0,19637.9,16187.4,6419.3,13784.3,38562.8,6242.3,14622.0,20013.5
70019476,60555.3,17345.3,17155.5,19270.8,17079.3,11385.9,9450.5,1002.4,19619.1,4312.3,13527.3,212.8,588.3,4177.4,12324.8,13476.8,14540.5,476.9,9396.9,15085.0,37734.7,11766.9,0.0,43646.3,5485.2,13776.7,59099.4,3363.6,2918.5,15125.1,13477.4,36399.5,15149.2,13879.8,15726.7,17561.5,12409.4,13022.1,7967.8,35429.4,15949.3,19289.1,19832.6,15856.0,9466.0,8958.3,15060.1,3545.5,13778.2,37497.0,22833.8,14004.6,5373.8,24176.2,14159.8,12183.8,12035.4,9232.7,36149.6,15791.5,15765.4,6181.1,15075.1,15457.6,8007.6,17187.6,8737.7,4574.7,16160.7,2251.9,5156.3,42924.3,15322.0,8829.5,5398.2,12285.5,13835.1,1808.4,11481.4,10022.1,14072.0,15640.5,14178.7,6551.0,21790.4,17719.0,1857.1,18486.9,14783.9,15592.7,13556.8,16993.3,40837.4,3427.3,17714.0,3492.8,7127.2,12551.6,8805.4,23658.2,14498.3,11737.2,40344.4,14968.1,12574.9,17843.6
70019480,54981.2,28313.2,28306.8,26408.6,28492.2,33278.6,35487.9,42299.1,24861.1,39502.8,30747.9,42509.7,42581.9,44442.8,32707.6,32245.8,31934.4,42362.8,43036.0,45773.5,12646.3,43804.2,43053.0,0.0,44259.9,35921.0,48568.4,39814.6,45278.5,31841.9,33309.4,12067.4,49671.6,57895.8,30179.1,31053.4,33895.9,36536.3,41606.9,11408.3,30067.7,31409.3,26086.9,28420.1,43105.1,35688.7,45748.7,41200.3,31642.8,12408.7,53522.4,33885.2,43383.3,27379.9,32044.9,34328.2,35549.5,42871.9,70672.0,50313.9,50287.8,45584.5,49597.5,29576.0,41646.8,27963.4,35915.9,46456.3,30410.5,43574.4,44559.7,1014.1,33484.7,38680.7,43407.6,32845.2,32297.5,43130.9,33625.7,36587.2,31251.6,28752.9,32386.3,45954.5,52478.9,29651.1,42820.7,28604.7,31467.4,28055.7,57749.5,28925.3,7618.4,44749.9,29646.0,39685.4,37993.4,33070.5,52998.1,28371.6,49020.8,32492.1,13882.3,48843.8,32185.1,27650.7
70019482,60881.2,17671.2,17481.4,19596.6,17405.1,11711.8,9776.3,4184.4,19944.9,6418.4,13853.1,3453.9,3772.0,2592.0,12650.7,13802.6,14866.4,3718.0,9527.7,15215.8,38060.6,11897.7,3224.3,43972.2,0.0,14102.6,59425.2,3689.5,3427.7,15450.9,13803.3,36725.4,13621.4,16467.1,16052.5,17887.4,12735.3,13348.0,8098.6,35755.2,16275.1,19615.0,20158.5,16181.9,9596.8,9284.2,15190.9,3871.4,14104.1,37822.9,22964.6,14330.5,5504.6,24502.0,14485.7,12509.7,12361.2,9363.5,34891.0,14263.7,14237.6,3733.7,13547.3,15783.5,8138.4,17513.4,9063.5,4605.5,16486.5,5459.7,2708.9,43250.2,15647.8,8960.3,5529.0,12611.4,14160.9,5016.2,11807.2,10348.0,14397.9,15966.4,14504.5,4103.7,21921.2,18044.9,1731.9,18812.7,15109.7,15918.5,16144.1,17319.1,41163.3,6014.6,18039.9,3818.7,7453.1,12877.5,11392.6,23984.1,13058.4,12063.1,40670.2,12520.7,12900.8,18169.5
70019513,51719.9,5597.5,5946.0,7414.4,6121.2,3848.1,6142.6,12018.1,12080.2,8659.0,5988.4,12228.7,12300.9,12696.9,4476.7,3231.6,9389.5,12081.8,13690.7,19368.9,30195.8,16060.8,12772.0,36107.4,12513.9,0.0,50264.0,9971.2,13532.6,8113.6,8501.3,28860.6,19443.1,27339.9,10575.6,12410.5,4561.3,8676.6,12261.6,27890.4,4666.9,14138.1,12618.4,8317.1,13759.8,2668.1,19344.0,9454.3,6239.3,29958.1,27117.8,9028.4,14038.0,15329.5,7254.9,2165.5,7689.8,13526.6,40443.5,20085.4,20059.2,13838.6,19368.9,5116.1,12301.5,9648.7,3391.9,14710.4,4559.3,13293.4,12813.8,35385.4,9186.0,9335.4,14062.3,4746.6,7507.5,12849.9,2727.4,7242.0,8004.5,6033.3,9027.7,14208.5,26074.3,4709.2,11074.7,13335.9,9632.9,8053.8,27193.6,5194.4,33298.5,14468.9,4704.1,10100.3,8648.2,4703.5,22442.1,16321.3,18792.2,3890.4,32805.5,18615.3,3665.1,5987.3
70019527,9845.1,46686.9,45711.9,47624.5,46135.4,50611.5,52820.8,59632.1,46028.4,56835.8,48080.9,59842.7,59914.8,61775.8,50040.5,49578.8,46998.0,59695.7,54550.7,55377.0,33050.6,53407.7,60386.0,49610.0,61592.8,52833.7,0.0,55000.6,62611.4,46905.6,48007.4,33406.1,59275.1,75228.8,45242.8,42994.9,51228.8,49606.4,56239.9,35023.9,48880.8,41412.7,43013.2,45753.1,54619.8,53021.7,55352.1,58533.2,48975.8,32481.7,63125.8,46801.8,58815.1,37711.4,49377.8,51661.1,49886.3,54692.8,80275.5,59917.4,59891.2,62917.5,59200.9,48389.2,56279.7,45286.5,53248.8,63789.2,49223.6,60907.4,61892.6,50302.4,46401.3,53846.7,58839.5,50178.1,47382.5,60463.9,50958.6,53920.2,47410.7,46085.8,46619.3,63287.4,62082.4,48464.2,60153.6,41396.9,46531.0,45388.6,75082.5,47738.4,35101.7,62082.8,48459.2,54871.4,53159.4,50403.5,70331.0,37975.1,58624.2,49825.1,30491.2,58447.3,49518.0,46288.5
70019549,54526.7,13794.5,13604.7,15719.9,13528.5,7712.3,4544.2,5170.6,15945.5,5606.3,10244.9,4440.1,4758.2,4340.3,7507.9,9803.2,9586.0,4704.2,8697.8,14385.8,33011.4,11067.8,4210.5,39972.8,4157.3,10103.1,53070.8,0.0,5175.9,10170.5,8522.9,31676.2,14450.1,17453.3,10772.1,12606.9,6713.4,8067.6,7268.7,30706.1,12398.4,14334.6,14878.1,12182.4,8766.9,7229.7,14361.0,3059.3,10104.6,32773.7,22134.7,9050.0,4674.7,18445.1,9205.3,8510.2,7080.8,8533.6,35450.5,15092.4,15066.3,5482.0,14376.0,11906.8,7308.5,13514.0,8251.4,6353.7,12487.1,6445.9,4457.2,39250.7,10367.4,2573.0,4699.1,8611.9,8880.5,6002.4,7807.8,5115.8,9117.5,11966.9,9224.1,5851.9,21091.3,14168.2,2718.1,13532.3,9829.3,11919.1,17130.3,13442.5,37163.8,7000.8,14163.2,129.2,3763.6,7028.3,12378.8,18703.7,13799.2,8063.6,35621.1,14269.0,8901.3,14292.8
70019554,62658.5,19448.5,19258.7,21373.9,19182.4,13489.1,11553.7,3142.9,21722.3,8195.7,15630.4,2821.0,3196.4,1258.9,14428.0,15579.9,16643.7,3469.9,11305.0,16993.1,39837.9,13675.0,3089.0,45749.5,2566.7,15879.9,61202.5,5466.8,0.0,17228.2,15580.6,38502.7,13742.7,15354.8,17829.8,19664.7,14512.6,15125.3,9875.9,37532.5,18052.4,21392.3,21935.8,17959.2,11374.1,11061.5,16968.2,5648.7,15881.4,39600.2,24741.9,16107.8,7281.9,26279.4,16263.0,14287.0,14138.5,11140.8,35012.2,14385.0,14358.8,3855.0,13668.6,17560.8,9915.7,19290.7,10840.8,1656.2,18263.8,4418.2,2830.2,45027.5,17425.1,10737.6,7306.3,14388.7,15938.2,3974.7,13584.5,12125.3,16175.2,17743.7,16281.8,4224.9,23698.5,19822.2,3509.2,20590.0,16887.0,17695.8,15031.9,19096.4,42940.6,4902.4,19817.2,5596.0,9230.4,14654.8,10280.4,25761.4,13179.6,13840.4,42447.5,12642.0,14678.1,19946.8
70019564,46512.7,5019.7,4830.0,6945.2,4753.7,5348.5,7557.8,14369.0,9019.5,11572.7,2817.9,14579.7,14651.8,16512.7,4355.9,4608.1,1585.3,14432.7,13458.6,19136.7,25098.8,15828.6,15122.9,32165.0,16329.8,7991.0,45056.8,10257.2,17348.4,0.0,4463.9,23763.6,19210.9,29965.7,2429.1,5420.9,5965.8,6129.7,12029.5,22793.4,3623.7,7148.6,6004.3,3538.6,13527.7,7758.7,19111.9,13270.2,3712.7,24861.1,26885.6,3199.5,11840.3,10048.1,1902.4,6398.1,5142.9,13294.4,40211.3,19853.2,19827.1,17654.4,19136.8,3132.1,12069.3,4870.1,7985.8,18526.2,6152.9,15644.3,16629.6,31443.0,2798.9,9103.3,11864.7,4915.1,1753.5,15200.8,5695.6,7336.8,1309.8,3323.1,1655.6,18024.4,25842.1,5393.5,14890.6,6346.3,624.1,3275.3,29819.4,4667.7,29356.1,16819.8,5388.5,10128.0,8416.0,4321.2,25068.0,10504.9,18560.1,4562.0,27708.4,18383.1,4547.3,5518.1
70020103,48336.4,8732.3,8542.6,10657.8,8466.3,6955.4,6416.9,13039.8,11008.6,12388.0,5182.7,13250.4,13322.6,15183.5,5131.9,8315.1,4525.2,13103.5,12583.6,14421.2,26821.2,12451.9,13793.7,35035.9,15000.5,9377.9,46880.5,9382.2,16019.2,5109.7,0.0,25486.0,18319.3,29666.8,5711.3,5311.8,6570.2,1765.5,11154.6,24515.8,7336.3,8144.3,9817.3,7245.6,12652.8,9356.5,14396.3,11941.0,5669.5,26583.5,22170.1,1767.3,10965.4,12254.8,4143.1,7785.0,2467.7,12419.5,39319.7,18961.6,18935.5,16325.2,18245.2,6844.6,11194.4,8577.1,9583.6,17197.0,9865.5,14315.1,15300.4,34313.9,2069.3,8228.4,10989.7,6871.9,3819.7,13871.6,7082.5,6461.9,4056.7,7030.1,4163.4,16695.2,21126.6,9106.1,13561.3,7342.0,4768.5,6982.2,29520.5,8380.3,32227.0,15490.5,9101.0,9253.1,4870.3,5097.2,24769.0,12513.4,17668.5,5657.3,29430.8,17491.5,7161.3,9230.6
70029285,34125.9,20947.2,20940.8,19042.6,21126.2,25912.6,28121.9,34933.1,17495.1,32136.8,23382.0,35143.8,35215.9,37076.8,25341.6,24879.8,23560.9,34996.8,36422.2,37248.5,1821.1,35279.2,35687.0,13040.6,36893.9,28555.0,32973.0,31777.6,37912.5,23468.5,24784.4,0.0,41146.6,50529.8,21805.7,22528.4,26529.9,26383.4,33549.9,1617.9,22701.7,20881.9,18720.9,21054.1,36491.4,28322.8,37223.6,33834.3,24276.8,1583.4,44997.4,23578.9,33360.7,18854.9,24678.9,26962.2,26663.3,36564.3,62147.0,41788.9,41762.8,38218.5,41072.5,22210.1,33589.7,20597.4,28549.9,39090.3,23044.5,36208.4,37193.7,13733.0,23178.3,30623.7,33385.1,25479.2,24931.5,35764.9,26259.7,29221.2,23973.6,21386.9,23396.3,38588.5,43953.9,22285.1,35454.7,20079.6,23093.9,20689.7,50383.5,21559.3,6200.0,37383.9,22280.0,31648.4,29936.4,25704.5,45632.1,19846.6,40495.8,25126.1,4430.8,40318.8,24819.1,20284.7
70030492,59269.3,23045.1,22855.3,24970.6,22779.1,16962.9,13794.8,15579.1,25196.1,19022.1,19495.5,15257.2,15632.6,12085.3,16758.5,19053.8,18836.6,15906.1,5875.7,11513.2,42831.3,7296.5,15525.2,49223.4,13393.1,19353.7,57813.3,13322.7,12436.2,19421.1,17424.5,41496.1,0.0,27791.0,20022.7,18583.2,15964.0,17318.2,7564.9,40525.9,21649.1,20842.7,24128.7,21433.0,5944.8,16480.3,11488.3,16475.1,19355.3,42593.6,13744.1,18420.4,11289.7,22806.9,18455.9,17760.8,16331.4,6017.8,22160.6,873.5,847.4,10687.1,74.1,21157.4,7604.7,22764.6,16707.4,13614.0,21737.7,16854.4,11717.4,48501.3,18722.8,10775.0,11314.0,17862.5,18131.1,16410.9,17058.4,14366.4,18368.1,21217.5,18474.7,10065.6,12700.7,23418.8,14335.7,21877.9,19079.9,21169.7,27468.1,22693.1,46414.4,17338.5,23413.8,13193.5,13014.2,16278.9,22716.6,23065.5,1142.8,17314.2,45440.9,1458.4,18151.9,23543.4
70030499,78557.3,32501.4,32311.6,34384.6,32235.4,26542.0,21335.9,12825.2,34775.2,16630.8,28683.3,13757.6,13829.8,16239.7,27480.9,28632.9,26425.9,13610.7,22742.5,28430.6,52890.8,25112.5,14300.9,58802.4,17547.5,28932.8,77101.3,16709.3,15229.9,27010.5,25362.8,51555.6,28723.5,0.0,27612.1,29446.9,27565.5,24907.5,21313.4,50585.4,31105.4,31174.5,35313.4,31012.1,22811.6,24115.5,28405.7,16891.1,28934.3,52653.1,36179.4,25890.0,18719.5,42166.8,29949.8,27339.9,23920.8,22578.4,49993.1,29365.8,29339.7,18835.8,28649.4,30613.7,21353.2,32343.6,23893.8,13803.1,31316.8,12219.9,17811.0,58080.4,27207.4,22175.1,18743.8,27441.6,25720.5,11993.4,26637.4,21907.5,25957.4,30796.6,26064.1,19205.8,35136.0,32875.1,14577.1,30372.3,26669.3,30748.8,1187.3,32149.4,55993.5,10949.7,32870.1,16838.4,21472.6,27707.7,5360.1,43158.6,28160.5,26893.3,55500.4,27622.8,27731.0,32991.4
70030842,45075.6,6653.3,7229.7,9144.6,7292.2,7985.2,8005.1,14628.0,7582.5,13976.2,5454.6,14838.6,14910.8,16771.7,6712.0,7244.8,2700.3,14691.7,14171.8,18614.1,23661.8,16541.9,15381.9,30727.9,16588.7,10966.1,43619.7,10970.4,17607.3,2607.8,5181.4,22326.6,19924.2,31255.0,0.0,4159.2,8158.4,6842.9,12742.8,21356.4,6260.4,5886.8,4567.3,5063.7,14241.0,10395.4,18589.2,13529.1,6349.5,23424.1,26363.0,3575.1,12553.6,8611.1,3574.5,9373.2,5856.2,14007.7,40924.6,20566.5,20540.3,17913.4,19850.1,5768.8,12782.6,6804.3,10622.5,18785.1,8789.6,15903.3,16888.6,30005.9,3174.6,9816.6,12577.9,7551.8,3352.4,15459.8,8670.7,8050.1,3112.9,4848.2,2589.2,18283.3,25319.5,8030.2,15149.5,5084.5,2233.2,4773.1,31108.7,7304.4,27919.0,17078.7,8025.2,10841.3,9129.3,7017.4,26357.2,9067.9,19273.3,7198.7,26271.4,19096.4,7184.1,7808.5
70031292,43126.2,10961.1,10771.3,12886.5,10695.0,11154.3,10615.8,17238.7,12172.0,16586.9,8759.2,17449.3,17521.5,19382.4,9322.7,10549.4,5561.7,17302.4,13710.9,14537.2,25362.9,12567.9,17992.6,33223.3,19199.4,13576.7,41670.3,13581.1,20218.0,6146.3,4672.1,24027.7,18435.3,33865.7,5050.8,0.0,10769.1,6271.1,15400.1,23057.5,9565.0,3466.1,9156.8,8739.3,13780.1,13555.4,14512.3,16139.8,9654.1,25125.2,22286.1,4860.7,15164.3,6663.9,6185.2,11983.9,8466.9,13853.0,39435.7,19077.6,19051.5,20524.1,18361.2,9073.4,15440.0,11393.8,13782.5,21395.8,12094.2,18514.0,19499.3,32501.3,5042.8,12427.3,15188.6,10856.4,5963.1,18070.5,11281.4,10660.8,5857.9,8523.8,5199.9,20894.0,21242.6,11334.8,17760.2,3957.4,5805.1,8448.7,33719.4,10609.0,30414.4,19689.4,11329.8,13452.0,11740.0,9628.1,28967.9,6922.5,17784.4,10503.4,27972.5,17607.5,10488.7,11459.4
70031293,51395.3,8185.3,7995.5,10110.7,7919.2,2227.0,1584.8,9573.5,10459.1,7085.3,4367.2,9784.2,9856.3,11717.2,1883.0,4316.7,6628.7,9637.2,9132.8,14811.0,28574.7,11502.9,10327.4,34486.3,11534.3,4649.4,49939.3,5911.4,12552.9,7213.2,5740.4,27239.5,14885.2,25478.3,7814.8,9649.6,0.0,4889.3,7703.8,26269.3,6789.2,11377.3,10997.3,6696.0,9202.0,3270.4,14786.1,8474.7,3029.8,28337.0,22559.9,6267.6,9480.1,15016.2,4122.8,3056.5,3902.5,8968.7,35885.6,15527.5,15501.4,12858.9,14811.1,6297.6,7743.6,8027.5,3497.6,13730.7,7000.7,10848.9,11834.1,33764.3,7410.1,4777.6,9504.5,3125.5,4375.4,10405.4,2354.0,2684.1,4872.5,6480.5,6266.8,13228.9,21516.4,8559.0,10095.1,10575.0,6872.0,6432.7,25332.0,7833.2,31677.4,12024.3,8554.0,5782.2,4090.3,1955.2,20580.6,15398.0,14234.3,1975.4,31184.3,14057.4,3414.9,8683.6
70034004,49617.9,10495.8,10306.0,12421.3,10229.8,6679.6,5877.7,12500.6,12772.1,11848.8,6946.2,12711.2,12783.4,14644.3,5633.0,8769.3,6287.3,12564.3,10845.0,11671.3,28102.6,9702.0,13254.5,36799.4,14461.3,9102.0,48162.0,8843.0,15480.0,6871.8,1448.0,26767.4,15569.4,29127.6,7473.4,6593.2,6294.3,0.0,10615.4,25797.2,9099.8,9425.8,11579.4,9009.1,10914.1,9080.6,11646.4,11401.7,7433.0,27864.9,19420.1,3155.7,10426.2,13536.3,5906.6,7509.1,2302.7,11880.3,36569.8,16211.7,16185.6,15786.0,15495.3,8608.1,10655.2,10340.6,9307.8,16657.8,11629.0,13775.9,14761.2,36077.4,3457.6,7689.2,10450.5,7578.1,5581.8,13332.4,6806.6,5922.7,5818.8,8793.5,5925.4,16155.9,18376.7,10869.5,13022.1,8623.5,6530.6,8745.7,28981.3,10143.8,33990.5,14951.3,10864.5,8713.9,3922.9,5153.4,24229.8,13794.9,14918.5,6428.0,30712.3,14741.6,7867.5,10994.1
70042197,55570.8,15508.3,15318.5,17433.7,15242.2,9426.1,6258.0,8422.7,17659.3,10656.7,11958.7,7692.2,8010.3,7592.4,9221.7,11517.0,11299.8,7956.3,2026.7,8613.4,34725.2,4396.7,7462.7,41686.5,7409.5,11816.9,54114.9,5785.8,8428.1,11884.3,10236.7,33390.0,7779.0,20705.4,12485.9,14320.7,8427.2,9781.4,0.0,32419.8,14112.2,16048.4,16591.9,13896.2,2095.8,8943.5,8588.6,8109.7,11818.4,34487.5,16362.3,10763.8,3752.9,19108.4,10919.1,10224.0,8794.6,1862.5,28779.4,8421.3,8395.2,8734.1,7704.9,13620.6,39.8,15227.8,9170.6,9605.9,14200.9,9698.0,7709.3,40964.5,12081.2,3238.1,3777.2,10325.7,10594.3,9254.5,9521.6,6829.6,10831.3,13680.7,10937.9,9104.1,15318.8,15882.0,5970.3,15246.1,11543.1,13632.9,20382.4,15156.2,38877.6,10252.9,15877.0,5656.7,5477.4,8742.1,15631.0,19367.0,7128.2,9777.4,37334.9,6951.2,10615.1,16006.6
70043250,35364.2,19578.4,19572.0,17673.8,19757.4,24543.7,26753.1,33564.3,16126.3,30768.0,22013.1,33774.9,33847.1,35708.0,23972.8,23511.0,22192.1,33628.0,35053.4,35879.7,3059.4,33910.4,34318.2,11652.1,35525.1,27186.2,34211.3,30408.8,36543.7,22099.7,23415.6,1724.2,39777.8,49161.0,20436.9,21159.6,25161.1,25014.6,32181.1,0.0,21332.9,19513.1,17352.1,19685.3,35122.6,26953.9,35854.8,32465.5,22908.0,2821.7,43628.6,22210.0,31991.9,17486.1,23310.1,25593.3,25294.5,35195.5,60778.2,40420.1,40394.0,36849.7,39703.7,20841.2,32220.9,19228.6,27181.1,37721.5,21675.7,34839.6,35824.9,12344.6,21809.5,29254.9,32016.3,24110.4,23562.7,34396.1,24890.9,27852.4,22604.8,20018.0,22027.5,37219.7,42585.1,20916.2,34085.9,18710.8,21725.1,19320.9,49014.7,20190.5,7438.2,36015.0,20911.2,30279.6,28567.6,24335.7,44263.3,18477.8,39126.9,23757.3,5669.0,38950.0,23450.3,18915.9
70043420,49053.9,2798.4,2877.7,4723.9,2801.4,4026.9,7276.8,14088.1,7155.8,11291.7,3679.3,14298.7,14370.8,16231.8,4496.5,2314.4,5588.8,14151.7,14824.9,20503.1,24934.9,17195.0,14842.0,30846.5,16048.8,4625.8,47598.0,11603.5,17067.4,4143.9,7324.0,23599.7,20577.3,29684.8,6083.2,8992.4,5684.8,9467.7,13395.9,22629.5,0.0,11132.6,7694.0,2537.6,14894.1,7477.7,20478.2,12989.2,3431.8,24697.2,28252.0,6794.6,15172.2,12663.5,4976.3,4694.4,8480.9,14660.8,41577.7,21219.6,21193.4,17373.5,20503.2,1146.4,13435.7,4724.2,7704.8,18245.2,2624.4,15363.4,16348.6,30124.5,6394.0,10469.7,15196.5,3647.5,4613.6,14919.9,5414.6,8376.2,4170.0,2063.6,5227.0,17743.4,27208.5,3172.1,14609.6,9917.7,4240.0,3129.4,29538.5,2446.4,28037.6,16538.8,3167.1,11474.3,9782.4,4795.0,24787.0,13655.2,19926.4,4281.0,27544.5,19749.5,2979.7,3296.7
70081032,41604.9,9076.1,8214.8,10129.6,8277.3,13113.6,11374.2,17997.1,8724.4,19337.9,10583.0,18207.7,18279.9,20140.8,10081.1,12080.9,6320.2,18060.8,15946.6,16772.8,22699.8,14803.6,18751.0,31869.8,19957.8,15756.1,40149.0,14339.5,20976.5,8988.7,7346.4,21364.6,20671.0,34624.1,7325.9,3371.2,11527.5,8945.3,16111.9,20394.4,10197.3,0.0,5709.1,8255.2,16015.7,15523.8,16748.0,16898.3,11477.9,22462.1,24521.7,6140.8,15922.7,5142.5,6943.6,14163.2,9225.3,16088.7,41671.4,21313.2,21287.1,21282.5,20596.8,9705.6,16151.7,7789.3,15751.0,22154.3,11728.7,19272.4,20257.7,31147.8,5740.3,13185.7,15947.0,12680.3,6721.5,18828.9,13460.8,11419.2,6616.3,8587.9,5958.3,21652.5,23478.3,9981.3,18518.6,1035.2,8614.2,7890.8,34477.8,10243.6,29060.9,20447.8,9976.3,14210.4,12498.4,10386.5,29726.3,5401.1,20020.1,12327.2,25309.4,19843.2,12020.2,8793.6
70082414,42481.2,6151.0,5289.7,7204.5,5352.2,10188.6,12397.9,18694.5,3192.1,16412.8,7658.0,18905.1,18977.2,20838.2,9617.6,9155.8,5931.6,18758.1,18238.3,23885.8,20426.0,21916.5,19448.4,26337.6,20655.2,12831.1,41025.3,15036.9,21673.8,5839.1,9247.9,19090.8,23990.7,34805.8,4176.3,8289.2,10805.9,10909.4,16809.2,18120.6,7272.2,5406.5,0.0,5330.1,18307.4,12598.8,23860.9,17595.6,8552.8,20188.3,31634.6,7882.4,16620.1,6016.6,7368.8,11238.2,9922.6,18074.2,44991.1,24632.9,24606.8,21979.9,23916.5,6780.5,16849.1,4864.3,12825.9,22851.6,8803.7,19969.8,20955.0,25615.6,7481.8,13883.0,16644.4,9755.2,7146.7,19526.3,10535.7,12116.6,6344.3,5662.9,6383.5,22349.8,30591.2,7056.2,19216.0,5390.8,5464.6,4965.7,34659.5,7318.5,23528.7,21145.2,7051.2,14907.7,13195.7,9980.6,29908.1,6483.9,23339.8,9402.1,23035.6,23162.8,9095.1,5868.5
70083842,45208.8,2583.6,2029.4,5231.2,1953.2,5872.9,8082.3,14893.5,4272.6,12097.2,3342.3,15104.1,15176.3,17037.2,5301.9,4840.2,3748.0,14957.2,15630.4,21308.5,22388.3,18000.4,15647.4,28299.9,16854.2,8515.4,43752.9,12408.9,17872.8,3758.2,7000.0,21053.1,21382.7,30490.2,4161.0,7266.3,6490.2,9130.6,14201.3,20082.9,2387.8,8249.5,4810.8,0.0,15699.5,8283.1,21283.7,13794.6,4237.2,22150.6,29057.4,5698.9,15977.6,8829.7,4639.3,6922.5,8143.9,15466.2,42383.1,22025.0,21998.9,18178.9,21308.6,1896.2,14241.1,1841.1,8510.3,19050.6,3965.4,16168.8,17154.1,27577.8,5298.3,11275.1,16002.0,5439.5,4891.9,15725.3,6220.0,9181.6,3846.0,867.6,4199.9,18548.8,28013.9,3206.0,15415.0,8233.7,3281.0,142.0,30343.9,2480.2,25490.9,17344.2,3201.0,12279.8,10587.8,5664.9,25592.4,9211.5,20731.9,5086.5,24997.9,20554.9,4779.4,3895.2
70084418,54591.1,17117.4,16927.6,19042.8,16851.3,11035.2,7867.1,10031.8,19268.4,12265.8,13567.8,9301.3,9619.4,9201.5,10830.8,13126.1,12908.9,9565.4,248.2,6835.0,38153.1,2618.3,9071.8,43295.6,9018.5,13426.0,53135.1,7394.9,10037.1,13493.4,12746.3,36817.9,6000.6,22314.5,14095.0,13905.0,10036.3,11390.4,1637.2,35847.7,15721.3,16164.5,18201.0,15505.3,0.0,10552.5,6810.1,9718.8,13427.5,37915.4,14583.9,12372.9,5362.0,18128.7,12528.2,11833.1,10403.7,90.1,27001.0,6642.9,6616.7,10343.2,5926.5,15229.7,1677.0,16836.8,10779.7,11214.9,15810.0,11307.1,9318.4,42573.6,13690.3,4847.2,5386.3,11934.8,12203.4,10863.6,11130.6,8438.7,12440.4,15289.8,12547.0,10713.1,13540.4,17491.1,7579.3,16855.2,13152.2,15242.0,21991.5,16765.3,40486.7,11862.0,17486.1,7265.8,7086.5,10351.2,17240.1,18387.3,5349.7,11386.5,40762.7,5172.8,12224.2,17615.7
70084927,52852.8,9642.8,9453.0,11568.3,9376.8,3683.4,3151.4,8081.9,11916.6,5241.2,5824.7,8292.5,8364.7,10225.6,4622.3,5774.3,9256.5,8145.6,10699.5,16377.7,30032.2,13069.6,8835.8,35943.8,10042.6,2920.0,51396.9,7499.9,11061.3,8672.8,8646.8,28697.0,16451.9,23670.4,10134.9,12556.1,4706.9,8822.2,9270.4,27726.8,8246.8,14283.7,12454.8,8153.5,10768.6,0.0,16352.8,6983.1,6075.7,29794.5,24126.6,9423.0,11046.8,16473.7,7091.3,3203.8,7835.4,10535.4,37452.3,17094.2,17068.0,11367.3,16377.7,7755.1,9310.3,9485.0,670.7,12239.1,8458.2,9357.2,10342.5,35221.8,9022.4,6344.2,11071.1,4583.0,7343.9,8913.7,3778.8,4250.7,7840.9,7938.0,8894.6,11737.3,23083.1,10016.5,8603.4,13481.5,8358.1,7890.2,23524.1,9290.8,33134.9,10532.6,10011.5,7348.9,5657.0,4849.1,18772.7,16855.5,15801.0,4034.7,32641.9,15624.1,4872.4,10141.1
70084983,55248.5,22753.4,22563.7,24678.9,22487.4,16671.3,13503.1,15682.1,27103.1,17916.1,19203.8,14951.6,15269.7,14851.8,16466.8,18762.1,18544.9,15215.7,6651.2,120.0,38810.5,5508.2,14722.1,46670.9,14668.9,19062.1,53792.5,13031.0,15687.5,19129.4,13403.7,37475.3,11375.6,27964.8,18473.6,14562.4,15672.3,14426.1,8340.4,36505.1,21357.4,16821.9,24087.9,21141.4,6720.4,16188.6,0.0,15369.1,19063.6,38572.8,7965.3,14399.7,11012.3,18786.1,18164.2,17469.2,16039.7,6793.3,25267.1,12017.9,11991.8,15993.5,11301.5,20865.7,8380.3,22472.9,16415.8,16865.3,21446.0,16957.4,14968.7,45948.9,14702.0,10483.3,11036.6,17570.9,17839.4,16513.9,16766.7,14074.7,18076.4,20925.9,18183.1,16363.5,6921.9,23127.2,13229.7,17857.1,18788.2,20878.0,27641.8,22401.4,43862.0,17512.3,23122.1,12901.8,12722.6,15987.2,22890.4,19044.7,10724.8,17022.5,41420.1,10547.8,17860.2,23251.7
70130674,58137.4,14927.5,14737.7,16852.9,14661.4,8968.1,7032.6,3193.8,17201.2,2768.4,11109.4,3404.4,3476.5,6560.2,9907.0,11058.9,12122.7,3257.4,10917.6,16605.7,35316.9,13287.7,3947.7,41228.5,6377.2,11358.9,56681.5,3834.4,5756.3,12707.2,11059.6,33981.7,16670.0,19590.1,13308.8,15143.6,9991.6,10604.3,9488.6,33011.5,13531.4,16871.3,17414.8,13438.2,10986.8,6540.4,16580.9,0.0,11360.4,35079.2,24354.6,11586.7,6894.6,21758.3,11742.0,9766.0,9617.5,10753.5,37670.4,17312.3,17286.1,7701.9,16595.9,13039.8,9528.4,14769.7,6319.8,8573.6,13742.8,4469.1,6677.0,40506.5,12904.1,7856.6,6918.9,9867.7,11417.2,4025.6,9063.5,7604.3,11654.2,13222.7,11760.8,8071.8,23311.1,15301.2,4938.0,16069.0,12366.0,13174.8,19443.8,14575.4,38419.6,5644.5,15296.2,3963.6,7169.4,10133.8,14692.3,21240.4,16019.1,9319.3,37926.5,16488.8,10157.0,15425.8
70130675,49870.8,6660.8,6471.0,8586.2,6394.7,1635.7,3845.1,10656.3,8934.5,7860.0,2842.7,10866.9,10939.1,12800.0,1419.8,2393.6,5276.0,10720.0,11393.2,17071.3,27050.2,13763.2,11410.2,32961.8,12617.0,4278.2,48414.8,8171.7,13635.6,4692.4,6193.0,25715.0,17145.5,26253.0,6154.5,10102.2,2253.0,6368.3,9964.1,24744.8,5264.7,11829.8,9472.8,5171.5,11462.3,4045.9,17046.5,9557.4,0.0,26812.5,24820.2,6720.1,11740.4,13491.6,3110.8,2685.3,5381.6,11229.0,38145.9,17787.8,17761.7,13941.7,17071.4,4773.1,10003.9,6503.0,4273.1,14813.4,5476.1,11931.6,12916.9,32239.8,6040.4,7037.9,11764.8,1202.4,3363.5,11488.1,1982.8,4944.4,3860.5,4956.0,4914.2,14311.6,23776.8,7034.5,11177.8,11027.6,4377.7,4908.1,26106.7,6308.7,30152.9,13107.0,7029.5,8042.6,6350.6,2395.2,21355.2,13873.5,16494.7,849.3,29659.8,16317.7,1491.7,7159.1
70132664,32621.2,22375.6,22369.2,20471.0,22554.6,27340.9,29550.3,36361.5,18923.5,33565.2,24810.3,36572.1,36644.3,38505.2,26770.0,26308.2,24989.3,36425.2,37850.6,38676.9,1072.9,36707.6,37115.4,14010.5,38322.2,29983.4,31468.2,33205.9,39340.8,24896.8,26212.8,1428.4,42575.0,51958.2,23234.0,23956.8,27958.2,27811.7,34978.3,3046.2,24130.1,22310.3,20149.3,22482.5,37919.7,29751.1,38652.0,35262.6,25705.2,0.0,46425.7,25007.2,34789.1,20283.2,26107.3,28390.5,28091.7,37992.7,63575.4,43217.3,43191.1,39646.9,42500.9,23638.4,35018.1,22025.8,29978.3,40518.6,24472.8,37636.8,38622.1,14703.0,24606.7,32052.1,34813.4,26907.6,26359.9,37193.3,27688.0,30649.6,25402.0,22815.2,24824.7,40016.8,45382.3,23713.4,36883.0,21508.0,24522.3,22118.1,51811.9,22987.7,7169.9,38812.2,23708.4,33076.8,31364.8,27132.9,47060.4,21275.0,41924.1,26554.5,2926.0,41747.2,26247.4,21713.0
70132665,63026.6,30531.6,30341.8,32457.0,30265.5,24449.4,21281.3,23460.3,34881.3,25694.3,26982.0,22729.7,23047.8,22630.0,24245.0,26540.3,26323.1,22993.8,14429.4,7845.3,46588.6,13286.4,22500.2,54449.0,22447.0,26840.2,61570.7,20809.1,23465.6,26907.6,21181.9,45253.4,13744.1,35742.9,26251.8,22340.5,23450.5,22204.3,16118.6,44283.3,29135.5,24600.1,31866.1,28919.5,14498.5,23966.7,7965.3,23147.2,26841.7,46350.9,0.0,22177.8,18790.4,26564.3,25942.4,25247.3,23817.9,14571.5,17301.7,12913.4,13102.5,23771.7,13670.0,28643.9,16158.4,30251.0,24193.9,24643.4,29224.2,24735.6,22746.8,53727.0,22480.2,18261.4,18814.8,25349.0,25617.6,24292.1,24544.8,21852.9,25854.6,28704.0,25961.2,24141.6,1183.2,30905.3,21007.8,25635.3,26566.4,28656.2,35420.0,30179.5,51640.1,25290.4,30900.3,20680.0,20500.7,23765.3,30668.5,26822.9,18502.9,24800.7,49198.3,18326.0,25638.4,31029.9
70133553,47414.0,8989.4,8799.6,10914.9,8723.4,7212.5,6673.9,13296.9,12707.9,12645.1,5439.8,13507.5,13579.7,15440.6,5389.0,8572.2,4782.3,13360.6,12840.7,15478.8,25898.7,13509.5,14050.8,33759.1,15257.6,9634.9,45958.0,9639.3,16276.2,5366.8,1721.6,24563.5,18593.1,29923.9,5586.7,4389.3,6827.2,3060.2,11411.6,23593.3,7593.4,7221.9,9692.6,7502.6,12909.9,9613.6,15453.9,12198.0,5926.6,25661.0,23227.7,0.0,11222.5,11332.3,4400.2,8042.1,3242.0,12676.6,39593.5,19235.4,19209.2,16582.3,18518.9,7101.7,11451.5,8834.2,9840.7,17454.0,10122.5,14572.2,15557.5,33037.1,874.4,8485.4,11246.8,7129.0,4076.8,14128.7,7339.6,6719.0,4313.8,7287.1,4420.4,16952.2,22184.2,9363.1,13818.4,6419.6,5025.6,7239.3,29777.6,8637.4,30950.2,15747.6,9358.1,9510.2,7798.2,5354.3,25026.1,11590.9,17942.2,5914.4,28508.3,17765.3,7418.3,9487.7
70138438,58133.0,16796.4,16606.6,18721.8,16530.3,10714.2,7546.0,5320.4,18947.4,7554.4,13246.8,4589.8,4907.9,4490.1,10509.7,12805.0,12587.8,4853.9,5093.6,10781.7,36013.3,7463.7,4360.3,42974.6,4307.1,13105.0,56677.1,2872.4,5325.7,13172.4,11524.7,34678.1,10846.0,17603.0,13774.0,15608.8,9715.2,11069.4,3664.5,33707.9,15400.3,17336.4,17879.9,15184.3,5162.7,10231.5,10756.8,5007.3,13106.5,35775.6,18530.6,12051.9,0.0,21670.7,12207.1,11512.1,10082.7,4929.5,31846.4,11488.2,11462.1,5631.7,10771.8,14908.7,3704.4,16515.8,10199.5,6503.5,15489.0,6595.7,4606.9,42252.6,13369.3,4526.2,24.6,11613.8,11882.4,6152.2,10809.6,8117.7,12119.3,14968.8,12226.0,6001.7,17487.1,17170.1,2867.9,16534.2,12831.2,14921.0,17280.0,16444.3,40165.7,7150.5,17165.1,2743.2,6765.5,10030.1,12528.6,21929.3,10195.1,11065.5,38622.9,10018.2,11903.2,17294.7
70155196,36986.8,9582.4,8721.1,10635.9,8783.6,13620.0,15829.3,22640.5,9045.1,19844.2,11089.4,22851.2,22923.3,25671.3,13049.0,12587.2,9854.6,22704.2,17567.4,18393.6,20752.4,16424.3,23394.4,28612.8,25488.4,16262.5,35530.9,18030.6,26507.0,9762.1,11037.4,19417.2,22291.7,38237.2,8099.3,6011.5,14237.3,12636.4,19256.6,18447.1,10703.6,4429.3,6029.9,8761.5,17636.5,16030.2,18368.8,21541.7,11984.2,20514.7,26142.5,9831.9,21831.8,0.0,12386.3,14669.6,12916.3,17709.5,43292.1,22934.0,22907.9,26813.0,22217.6,10211.9,19296.4,8295.6,16257.3,27684.8,12235.0,23915.8,25788.2,27890.8,9431.3,16876.7,21856.1,13186.6,11069.7,23472.3,13967.1,15110.3,10267.2,9094.3,9649.4,27183.0,25099.0,10487.6,24049.2,4413.6,9387.5,8397.1,38090.9,10749.9,25803.9,25091.3,10482.6,17901.4,16189.4,13411.9,33339.5,991.7,21640.9,12833.5,23362.1,21463.9,12526.5,9299.9
70155987,47566.7,5648.1,5458.3,7573.5,5382.0,4695.6,6695.1,13318.0,8399.0,10919.8,2573.1,13528.7,13600.8,15461.8,2521.3,5705.4,2171.8,13381.7,12861.9,18540.1,25979.8,15231.9,14072.0,32426.2,15278.8,6685.4,46110.8,9660.5,16297.4,2021.0,3867.2,24644.7,18614.2,29312.9,3483.1,5575.4,3877.7,5533.0,11432.8,23674.5,4252.0,7303.0,7058.3,4635.9,12931.0,7105.8,18515.2,12219.2,3059.9,25742.2,26288.9,3337.8,11243.6,11102.1,0.0,5092.5,4546.2,12697.7,39614.6,19256.5,19230.4,16603.4,18540.1,3760.4,11472.6,5967.4,7332.9,17475.2,6781.2,14593.4,15578.6,31704.2,2937.2,8506.6,11268.0,4262.2,259.3,14149.9,4390.0,6740.2,1189.1,4420.4,1810.0,16973.4,25245.5,6021.8,13839.6,6500.7,2415.2,4372.5,29166.5,5296.0,29617.3,15768.8,6016.8,9531.3,7819.3,2486.7,24415.1,11559.0,17963.4,3046.7,28589.5,17786.4,4551.6,6146.4
70238985,50877.4,7667.5,7477.7,9592.9,7401.4,1709.1,4003.7,10814.9,9941.2,8018.6,3849.4,11025.5,11097.7,12958.6,2337.8,3798.9,7250.6,10878.6,11551.8,17229.9,28056.9,13921.8,11568.8,33968.5,12775.6,2225.3,49421.5,8330.3,13794.2,6697.5,6362.3,26721.7,17304.1,26411.6,8436.7,10271.5,2422.4,6537.7,10122.7,25751.5,6271.4,11999.2,10479.5,6178.2,11620.9,4204.5,17205.1,9716.0,4100.4,27819.2,24978.8,6889.5,11899.0,14498.3,5115.9,0.0,5550.9,11387.6,38304.5,17946.4,17920.3,14100.3,17230.0,5779.8,10162.5,7509.7,4431.7,14972.0,6482.8,12090.2,13075.5,33246.5,7047.1,7196.5,11923.4,2607.7,5368.5,11646.7,588.5,5103.0,5865.6,5962.7,6888.7,14470.2,23935.3,8041.2,11336.4,11196.9,7493.9,5914.8,26265.3,7315.4,31159.6,13265.6,8036.2,8201.1,6509.2,2564.6,21513.8,14880.1,16653.3,1751.4,30666.5,16476.3,2897.0,8165.8
70244565,50095.5,9363.3,9173.5,11288.8,9097.3,5547.1,4745.1,11368.1,11639.6,10716.3,5813.7,11578.7,11650.9,13511.8,4500.5,7636.8,5154.8,11431.8,10911.9,12669.9,28580.2,13282.0,12122.0,35666.9,13328.8,7969.5,48639.6,7710.5,14347.4,5739.3,2105.3,27245.1,16664.3,27995.1,6340.9,7340.4,5161.8,998.6,9482.8,26274.9,7967.3,9903.4,10446.9,7876.5,10981.1,7948.1,12645.0,10269.2,6300.5,28342.6,20418.7,2639.3,9293.7,14013.9,4774.1,6376.6,0.0,10747.8,37664.7,17306.6,17280.4,14653.5,16590.2,7475.6,9522.7,9208.1,8175.3,15525.2,10496.4,12643.4,13628.7,34944.8,3008.6,6556.7,9318.0,6445.6,4449.3,12199.9,5674.1,4790.2,4686.3,7661.0,4792.9,15023.4,19375.3,9737.0,11889.6,9101.1,5398.1,7613.2,27848.8,9011.3,32857.9,13818.8,9732.0,7581.4,3315.0,4020.9,23097.3,14272.5,16013.4,5295.4,31189.9,15836.5,6735.0,9861.6
70246377,54433.0,17027.3,16837.5,18952.8,16761.3,10945.1,7777.0,9941.8,19178.3,12175.7,13477.7,9211.2,9529.3,9111.4,10740.7,13036.0,12818.8,9475.3,833.4,7420.2,36244.3,3203.5,8981.7,43205.6,8928.5,13335.9,52977.1,7304.9,9947.1,13403.3,11755.7,34909.1,6585.8,22224.4,14004.9,13746.9,9946.2,11300.4,1547.1,33938.9,15631.3,16006.5,18110.9,15415.3,902.6,10462.5,7395.3,9628.7,13337.5,36006.6,15169.1,12282.9,5271.9,17970.7,12438.1,11743.1,10313.6,0.0,27586.2,7228.1,7201.9,10253.1,6511.7,15139.6,1586.9,16746.8,10689.6,11124.9,15719.9,11217.1,9228.3,42483.6,13600.2,4757.2,5296.3,11844.8,12113.3,10773.6,11040.6,8348.6,12350.3,15199.7,12456.9,10623.1,14125.6,17401.0,7489.3,16765.1,13062.1,15151.9,21901.4,16675.3,40396.7,11771.9,17396.0,7175.7,6996.4,10261.1,17150.0,18229.2,5934.9,11296.4,38853.9,5758.0,12134.1,17525.6
70248476,80135.8,43911.6,43721.8,45837.1,43645.6,37829.4,34661.3,36361.7,46062.6,39804.8,40362.0,36039.8,36415.3,32868.0,37625.0,39920.3,39703.1,36688.7,26742.2,25281.6,63697.8,28163.0,36307.8,70089.9,34175.8,40220.2,78679.8,37075.8,33218.8,40287.6,38291.0,62362.6,22058.6,48573.7,40889.2,39449.7,36830.5,38184.7,28431.4,61392.4,42515.6,41709.2,44995.2,42299.5,26811.3,37346.8,25401.6,37257.7,40221.7,63460.1,17436.3,39286.9,32156.2,43673.4,39322.4,38627.3,37197.9,26884.3,0.0,22700.9,22674.8,31469.7,21984.5,42023.9,28471.2,43631.1,37573.9,34396.6,42604.2,37637.1,32500.0,69367.8,39589.3,31641.5,32180.5,38729.0,38997.6,37193.6,37924.9,35232.9,39234.6,42084.0,39341.2,30848.2,18619.5,44285.3,35118.3,42744.4,39946.4,42036.2,48250.7,43559.6,67280.9,38121.2,44280.3,34060.0,33880.7,37145.4,43499.2,43932.0,22009.3,38180.7,66307.4,21899.9,39018.4,44409.9
70286419,59952.1,23727.9,23538.2,25653.4,23461.9,17645.8,14477.6,16262.0,25878.9,19705.0,20178.3,15940.0,16315.5,12768.2,17441.3,19736.6,19519.4,16588.9,6558.5,12196.0,43514.1,7979.3,16208.1,49906.2,14076.0,20036.6,58496.2,14005.5,13119.0,20103.9,18107.4,42178.9,914.1,28473.9,20705.5,19266.0,16646.8,18001.0,8247.7,41208.7,22331.9,21525.6,24811.5,22115.9,6627.7,17163.1,12171.2,17157.9,20038.1,43276.4,12910.5,19103.3,11972.5,23489.7,19138.7,18443.7,17014.2,6700.6,22843.5,0.0,272.5,11369.9,840.0,21840.3,8287.6,23447.4,17390.3,14296.8,22420.5,17537.3,12400.2,49184.2,19405.6,11457.8,11996.9,18545.4,18814.0,17093.8,17741.2,15049.2,19050.9,21900.4,19157.6,10748.5,11867.1,24101.7,15018.5,22560.7,19762.7,21852.5,28150.9,23375.9,47097.3,18021.4,24096.6,13876.3,13697.1,16961.7,23399.4,23748.3,1825.6,17997.0,46123.7,2141.3,18834.8,24226.3
70288587,59885.4,23661.3,23471.5,25586.7,23395.2,17579.1,14410.9,16195.3,25812.3,19638.3,20111.7,15873.3,16248.8,12701.5,17374.6,19669.9,19452.7,16522.3,6491.9,12129.3,43447.4,7912.6,16141.4,49839.5,14009.3,19969.9,58429.5,13938.8,13052.3,20037.3,18040.7,42112.2,847.4,28407.2,20638.9,19199.3,16580.1,17934.3,8181.1,41142.0,22265.2,21458.9,24744.8,22049.2,6561.0,17096.4,12104.5,17091.3,19971.4,43209.7,13102.5,19036.6,11905.9,23423.1,19072.0,18377.0,16947.6,6633.9,22776.8,231.9,0.0,11303.2,773.3,21773.6,8220.9,23380.7,17323.6,14230.1,22353.9,17470.6,12333.6,49117.5,19338.9,11391.1,11930.2,18478.7,18747.3,17027.1,17674.5,14982.6,18984.2,21833.7,19090.9,10681.8,12059.0,24035.0,14951.8,22494.0,19696.1,21785.9,28084.2,23309.2,47030.6,17954.7,24030.0,13809.6,13630.4,16895.0,23332.8,23681.6,1758.9,17930.4,46057.1,2074.6,18768.1,24159.6
70337217,62863.6,19653.6,19463.9,21579.1,19387.6,13694.2,11758.8,4957.8,21927.4,8400.9,15835.6,4635.9,5011.4,1464.1,14633.2,15785.1,16848.9,5284.8,11510.1,18365.4,40043.1,14148.6,4903.9,45954.7,2771.9,16085.0,61407.7,5671.9,1814.9,17433.4,15785.8,38707.9,10188.5,17169.8,18035.0,19869.8,14717.8,15330.4,10081.1,37737.7,18257.6,21597.5,22140.9,18164.3,11579.3,11266.6,18340.5,5853.8,16086.6,39805.4,26114.2,16312.9,7487.1,26484.5,16468.2,14492.2,14343.7,11346.0,31458.0,10830.8,10804.7,0.0,10114.4,17766.0,10120.9,19495.9,11046.0,2992.7,18469.0,6233.2,1096.1,45232.6,17630.3,10942.7,7511.4,14593.8,16143.4,5789.7,13789.7,12330.4,16380.4,17948.8,16487.0,1284.6,25070.8,20027.4,3714.4,20795.2,17092.2,17901.0,16846.8,19301.6,43145.8,6717.3,20022.3,5801.1,9435.6,14860.0,12095.3,25966.5,9625.4,14045.5,42652.7,9087.8,14883.2,20152.0
70337705,59195.1,22971.0,22781.2,24896.4,22704.9,16888.8,13720.7,15505.0,25122.0,18948.0,19421.4,15183.0,15558.5,12011.2,16684.4,18979.7,18762.5,15832.0,5801.6,11439.1,42757.1,7222.3,15451.1,49149.2,13319.0,19279.6,57739.2,13248.5,12362.1,19347.0,17350.4,41421.9,74.1,27716.9,19948.6,18509.0,15889.9,17244.0,7490.8,40451.8,21574.9,20768.6,24054.5,21358.9,5870.7,16406.1,11414.2,16401.0,19281.1,42519.4,13670.0,18346.3,11215.6,22732.8,18381.8,17686.7,16257.3,5943.7,22086.5,799.4,773.3,10613.0,0.0,21083.3,7530.6,22690.4,16633.3,13539.9,21663.6,16780.3,11643.3,48427.2,18648.7,10700.8,11239.9,17788.4,18057.0,16336.8,16984.2,14292.3,18294.0,21143.4,18400.6,9991.5,12626.5,23344.7,14261.5,21803.7,19005.8,21095.6,27393.9,22618.9,46340.3,17264.4,23339.7,13119.4,12940.1,16204.7,22642.5,22991.4,1068.6,17240.1,45366.8,1384.3,18077.8,23469.3
70343296,48447.4,2191.9,2271.2,4117.4,2194.9,5603.4,7812.8,14624.0,6549.3,11827.7,3072.8,14834.6,14906.8,16767.7,5032.5,2305.9,4982.4,14687.7,15360.9,21039.1,24328.4,17730.9,15377.9,30240.0,16584.7,4617.3,46991.5,12139.4,17603.4,3537.4,6717.5,22993.2,21113.2,30220.7,5476.7,8385.9,6220.7,8861.2,13931.8,22023.0,491.6,10526.1,7087.5,1931.1,15430.0,8013.6,21014.2,13525.2,3967.7,24090.7,28787.9,6188.1,15708.2,12057.0,4369.8,4685.9,7874.4,15196.7,42113.6,21755.5,21729.4,17909.4,21039.1,0.0,13971.6,4117.8,8240.8,18781.2,2615.9,15899.3,16884.6,29518.0,5787.6,11005.6,15732.5,3639.0,4007.1,15455.8,5950.6,8912.1,3563.5,1457.1,4620.5,18279.4,27744.5,2565.6,15145.5,9311.3,3633.5,2522.9,30074.4,1839.9,27431.1,17074.7,2560.6,12010.3,10318.3,5395.4,25323.0,13048.7,20462.4,4817.0,26938.0,20285.4,2971.3,2690.2
70347238,55610.6,15548.1,15358.3,17473.6,15282.1,9466.0,6297.8,8462.6,17699.1,10696.6,11998.5,7732.0,8050.1,7632.3,9261.5,11556.8,11339.6,7996.1,2066.5,8653.3,34765.1,4436.5,7502.5,41726.4,7449.3,11856.8,54154.7,5825.7,8467.9,11924.1,10276.5,33429.9,7818.9,20745.2,12525.7,14360.6,8467.0,9821.2,39.8,32459.7,14152.1,16088.2,16631.7,13936.1,2135.6,8983.3,8628.4,8149.5,11858.3,34527.4,16402.1,10803.7,3792.7,19148.3,10958.9,10263.9,8834.4,1902.4,28819.3,8461.1,8435.0,8773.9,7744.7,13660.4,0.0,15267.6,9210.4,9645.7,14240.7,9737.9,7749.1,41004.4,12121.1,3278.0,3817.1,10365.6,10634.1,9294.4,9561.4,6869.4,10871.1,13720.6,10977.7,9143.9,15358.7,15921.8,6010.1,15286.0,11582.9,13672.7,20422.2,15196.1,38917.5,10292.7,15916.8,5696.5,5517.3,8781.9,15670.8,19406.9,7168.0,9817.2,37374.7,6991.0,10654.9,16046.4
70351598,44633.6,2050.6,1189.2,3457.2,1251.7,7273.7,9483.1,16294.3,5030.4,13498.0,4743.1,16504.9,16577.1,18438.0,6702.8,6241.0,5149.7,16358.0,17031.2,22709.3,23146.1,19401.2,17048.2,29057.7,18255.0,9916.2,43177.7,13809.7,19273.6,5159.0,8400.8,21810.9,22783.5,31891.0,5562.7,8668.0,7891.0,10531.5,15602.1,20840.7,3609.5,7058.0,4125.2,2415.3,17100.3,9683.9,22684.5,15195.4,5638.0,22908.4,30458.2,7100.6,17378.4,8169.1,6040.1,8323.3,9544.7,16867.0,43783.9,23425.8,23399.7,19579.7,22709.4,3117.8,15641.9,0.0,9911.1,20451.4,3888.7,17569.6,18554.9,28335.6,6700.0,12675.9,17402.8,6840.4,6292.7,17126.1,7620.8,10582.4,5246.8,2748.0,5601.6,19949.6,29414.8,2955.8,16815.8,7042.3,4682.7,2050.9,31744.7,2361.0,26248.8,18745.0,2950.7,13680.6,11988.6,7065.7,26993.2,8625.9,22132.7,6487.3,25755.7,21955.7,6180.2,2121.2
70361410,53409.3,10199.3,10009.5,12124.7,9933.2,4239.9,3707.9,7996.2,12473.1,5191.7,6381.2,8206.8,8279.0,10139.9,5178.8,6330.7,9812.9,8059.9,11256.0,16934.2,30588.7,13626.0,8750.1,36500.3,9956.9,3476.5,51953.3,7414.1,10975.5,9229.3,9203.3,29253.5,17008.4,23584.7,10691.4,13112.6,5263.4,9378.7,9826.9,28283.3,8803.2,14840.2,13011.3,8710.0,11325.1,556.5,16909.3,6897.3,6632.2,30351.0,24683.0,9979.5,10474.3,17030.2,7647.7,3760.3,8391.9,11091.9,38008.8,17650.6,17624.5,11281.6,16934.2,8311.6,9866.7,10041.5,0.0,12153.3,9014.6,9271.5,10256.8,35778.3,9578.9,6900.7,10498.6,5139.5,7900.4,8828.0,4335.3,4807.2,8397.4,8494.5,9451.1,11651.5,23639.6,10573.0,8517.7,14038.0,8914.6,8446.7,23438.4,9847.2,33691.4,10446.9,10568.0,7543.3,6213.4,5405.6,18686.9,17412.0,16357.5,4591.2,33198.3,16180.5,5428.9,10697.6
70362005,63836.3,20626.3,20436.5,22551.7,20360.2,14666.9,12731.4,4799.1,22900.0,9373.5,16808.2,4477.1,4852.6,2436.7,15605.8,16757.7,17821.5,5126.1,12482.8,18170.9,41015.7,14852.8,4745.2,46927.3,3744.5,17057.7,62380.3,6644.6,1656.2,18406.0,16758.4,39680.5,14920.5,13893.1,19007.6,20842.5,15690.4,16303.1,11053.7,38710.3,19230.2,22570.1,23113.6,19137.0,12551.9,12239.3,18146.0,6826.5,17059.2,40778.0,25919.7,17285.6,8459.7,27457.1,17440.8,15464.8,15316.3,12318.6,36190.0,15562.8,15536.6,5032.8,14846.4,18738.6,11093.5,20468.5,12018.6,0.0,19441.6,4172.9,4008.0,46205.3,18602.9,11915.4,8484.1,15566.5,17116.0,3946.4,14762.3,13303.1,17353.0,18921.5,17459.6,5402.7,24876.3,21000.0,4687.0,21767.8,18064.8,18873.6,13570.1,20274.2,44118.4,3440.6,20995.0,6773.8,10408.2,15832.6,8818.6,26939.2,14357.4,15018.2,43625.3,13819.8,15855.9,21124.6
70373907,48509.6,2080.8,2711.1,4179.5,2604.5,7997.7,10207.1,14629.0,7601.6,11269.8,5467.1,14839.6,14911.7,19162.0,7426.7,4237.0,7376.6,14692.6,17755.2,23433.3,24390.5,20125.2,15382.9,30302.1,18979.0,3731.9,47053.6,14533.7,19997.6,5931.7,9111.8,23055.3,23507.5,30988.4,7871.0,10780.1,8615.0,11255.4,16326.1,22085.1,2205.1,11550.6,8112.0,3822.3,17824.3,6564.2,23408.5,15919.4,6362.0,24152.8,31182.2,8582.4,18102.4,12119.1,6764.1,5367.5,10268.7,17591.0,44507.9,24149.8,24123.7,20303.7,23433.4,2777.6,16365.9,4247.4,7234.9,21175.4,0.0,15904.3,19278.9,29580.1,8181.8,13399.9,18126.8,5570.1,6401.4,15460.8,5929.3,11306.4,5957.8,3348.3,7014.8,20673.6,30138.8,1474.2,17539.8,11534.9,6027.8,4131.1,30842.1,1677.7,27493.2,17079.7,1469.2,14404.5,12712.6,7789.7,26090.6,13110.9,22856.7,7211.3,27000.2,22679.7,4902.3,2752.4
70374983,60890.8,17680.8,17491.0,19606.3,17414.8,11721.4,9786.0,1275.3,19954.6,5080.9,13862.8,2207.7,2279.9,5845.8,12660.3,13812.3,14876.0,2060.8,11192.6,16880.7,38070.2,13562.6,2751.0,43981.8,7153.6,14112.2,59434.9,5159.4,4586.9,15460.6,13812.9,36735.0,16944.9,12297.9,16062.2,17897.0,12744.9,13357.6,9763.5,35764.9,16284.8,19624.6,20168.1,16191.5,11261.7,9293.8,16855.8,5341.2,14113.7,37832.5,24629.5,14340.1,7169.6,24511.7,14495.3,12519.3,12370.9,11028.4,39599.1,17587.2,17561.1,8441.9,16870.8,15793.1,9803.3,17523.1,9073.2,4160.9,16496.2,0.0,7417.1,43259.8,15657.5,10625.2,7193.9,12621.0,14170.6,892.8,11816.9,10357.6,14407.5,15976.0,14514.2,8811.8,23586.1,18054.5,3934.1,18822.4,15119.4,15928.2,11974.9,17328.8,41172.9,1845.4,18049.5,5288.5,9922.7,12887.1,7223.5,23993.7,16294.1,12072.7,40679.9,17228.9,12910.4,18179.1
70375866,62116.0,18906.0,18716.3,20831.5,18640.0,12946.6,11011.2,4210.2,21179.8,7653.3,15088.0,3888.3,4263.8,716.5,13885.6,15037.5,16101.3,4537.2,10762.5,16450.6,39295.5,13132.6,4156.3,45207.1,2024.3,15337.4,60660.1,4924.3,1067.3,16685.8,15038.2,37960.3,13200.3,16422.2,17287.4,19122.2,13970.2,14582.8,9333.5,36990.1,17510.0,20849.9,21393.3,17416.8,10831.7,10519.0,16425.8,5106.2,15339.0,39057.8,24199.5,15565.3,6739.5,25736.9,15720.6,13744.6,13596.1,10598.4,34469.8,13842.5,13816.4,3312.5,13126.1,17018.4,9373.3,18748.3,10298.4,2245.1,17721.4,5485.6,0.0,44485.0,16882.7,10195.1,6763.8,13846.2,15395.8,5042.1,13042.1,11582.8,15632.8,17201.2,15739.4,3682.5,23156.1,19279.8,2966.8,20047.6,16344.6,17153.4,16099.2,18554.0,42398.1,5969.7,19274.8,5053.5,8688.0,14112.4,11347.7,25218.9,12637.2,13297.9,41905.1,12099.5,14135.6,19404.4
70382544,55693.0,29025.0,29018.6,27120.4,29204.0,33990.3,36199.7,43010.9,25572.9,40214.6,31459.7,43221.5,43293.7,45154.6,33419.4,32957.6,32646.2,43074.6,43747.8,46485.3,13358.1,44516.0,43764.8,1051.8,44971.6,36632.8,49280.1,40526.3,45990.2,32553.7,34021.2,12779.2,50383.4,58607.6,30890.9,31765.2,34607.6,37248.1,42318.7,12120.0,30779.5,32121.1,26798.7,29131.9,43816.9,36400.5,46460.4,41912.0,32354.6,13120.4,54234.2,34597.0,44095.0,28091.7,32756.7,35039.9,36261.3,43583.6,71383.8,51025.7,50999.6,46296.3,50309.3,30287.8,42358.5,28675.2,36627.7,47168.0,31122.2,44286.2,45271.5,0.0,34196.4,39392.5,44119.4,33557.0,33009.3,43842.7,34337.5,37299.0,31963.4,29464.6,33098.1,46666.2,53190.7,30362.8,43532.4,29316.4,32179.2,28767.5,58461.3,29637.1,8330.2,45461.6,30357.8,40397.2,38705.2,33782.3,53709.8,29083.4,49732.5,33203.9,14594.1,49555.6,32896.8,28362.4
70382797,47696.9,8115.0,7925.3,10040.5,7849.0,6338.2,5799.6,12422.5,10391.3,11770.7,4565.5,12633.2,12705.3,14566.2,4514.6,7697.8,3907.9,12486.2,11966.4,15761.7,26181.6,14336.4,13176.4,34418.6,14383.3,8760.6,46241.0,8765.0,15401.9,4492.5,2004.5,24846.4,17718.7,29049.5,5094.0,4672.2,5952.9,3619.2,10537.3,23876.3,6719.0,7504.8,9200.0,6628.3,12035.5,8739.2,15736.9,11323.7,5052.3,25944.0,23510.6,400.6,10348.1,11615.3,3525.8,7167.7,3650.7,11802.2,38719.1,18361.0,18334.9,15707.9,17644.6,6227.4,10577.1,7959.8,8966.3,16579.7,9248.2,13697.8,14683.1,33696.6,0.0,7611.1,10372.5,6254.6,3202.5,13254.3,6465.2,5844.6,3439.4,6412.8,3546.1,16077.9,22467.1,8488.8,12944.1,6702.5,4151.3,6364.9,28903.2,7763.0,31609.7,14873.3,8483.8,8635.8,6923.8,4479.9,24151.8,11873.9,17067.8,5040.0,28791.3,16890.9,6544.0,8613.4
70390788,53115.6,12383.4,12193.6,14308.9,12117.4,6301.2,3133.1,8671.3,14534.4,8019.5,8833.8,7009.9,8954.1,6910.1,6096.8,8392.1,8174.9,8735.0,5869.5,11547.7,31600.4,8239.6,6780.4,38561.7,6727.2,8692.1,51659.7,2569.8,7745.8,8759.4,7111.8,30265.2,11621.9,25298.3,9361.0,11195.9,5302.3,6656.5,4440.4,29295.0,10987.4,12923.5,13467.0,10771.4,5938.6,5818.6,11522.8,7572.4,8693.6,31362.7,19296.6,7639.0,4153.0,17034.0,7794.2,7099.2,5669.7,5705.4,32622.3,12264.2,12238.0,8051.8,11547.7,10495.7,4480.3,12102.9,6045.7,8923.6,11076.0,9946.6,7027.0,37839.7,8956.4,0.0,4177.3,7200.9,7469.4,9503.1,6396.7,3704.7,7706.4,10555.9,7813.0,8421.8,18253.1,12757.1,5288.0,12121.3,8418.2,10508.0,25152.0,12031.4,35752.8,11122.0,12752.1,2440.7,2352.5,5617.2,20400.5,17292.6,10971.0,6652.5,34210.0,10794.1,7490.2,12881.7
70390791,58108.5,16771.8,16582.0,18697.2,16505.8,10689.6,7521.5,5295.8,18922.8,7529.8,13222.2,4565.3,4883.3,4465.5,10485.2,12780.5,12563.3,4829.4,5069.0,10757.1,35988.7,7439.1,4335.7,42950.0,4282.5,13080.4,56652.5,2847.8,5301.1,13147.8,11500.2,34653.5,10821.4,17578.5,13749.4,15584.2,9690.7,11044.9,3640.0,33683.3,15375.7,17311.9,17855.4,15159.7,5138.2,10207.0,10732.3,4982.8,13081.9,35751.0,18506.0,12027.3,486.1,21646.1,12182.6,11487.5,10058.1,4904.9,31821.8,11463.7,11437.6,5607.2,10747.3,14884.1,3679.8,16491.3,10174.9,6478.9,15464.4,6571.1,4582.4,42228.0,13344.7,4501.6,0.0,11589.2,11857.8,6127.6,10785.1,8093.1,12094.8,14944.2,12201.4,5977.1,17462.6,17145.5,2843.3,16509.6,12806.6,14896.4,17255.5,16419.8,40141.1,7126.0,17140.5,2718.7,6740.9,10005.6,12504.0,21904.7,10170.5,11040.9,38598.4,9993.6,11878.6,17270.1
70390799,49222.2,6012.2,5822.4,7937.6,5746.1,435.1,4836.5,11647.8,8285.9,8851.4,2194.1,11858.4,11930.5,13791.5,2087.8,1917.4,5625.8,11711.4,12384.6,18062.8,26401.6,14754.7,12401.7,32313.2,13608.5,3575.2,47766.2,9163.2,14627.1,5042.2,6009.5,25066.4,18137.0,27244.5,6504.3,9168.1,3444.2,6958.5,10955.5,24096.2,4616.1,12262.8,8824.2,4522.9,12453.8,5037.4,18037.9,10548.9,2445.1,26163.9,25811.7,5792.4,12731.9,12843.0,3460.6,2292.7,5971.7,12220.5,39137.4,18779.3,18753.1,14933.2,18062.9,4124.5,10995.4,5854.4,5264.5,15804.9,4827.5,12923.1,13908.3,31591.2,5391.8,8029.4,12756.2,0.0,3713.3,12479.6,2358.8,5935.9,4210.3,4307.4,5264.0,15303.1,24768.2,6385.9,12169.3,10093.5,4727.5,4259.5,27098.1,5660.1,29504.3,14098.5,6380.9,9034.0,7342.1,2386.3,22346.7,13224.9,17486.1,2395.1,29011.2,17309.2,1015.6,6510.5
70395155,47584.5,5665.9,5476.1,7591.3,5399.8,4886.0,6362.7,12985.6,7947.8,11110.2,2763.5,13196.2,13268.4,15129.3,2711.7,5254.2,2187.2,13049.3,12529.4,18207.6,25995.2,14899.5,13739.5,31975.0,14946.3,6875.8,46128.5,9328.0,15964.9,2038.8,3534.7,24660.0,18281.8,29503.2,3500.9,5590.7,4068.1,5200.5,11100.3,23689.9,4269.8,7318.4,7076.1,4184.7,12598.6,7296.2,18182.7,11886.7,3250.2,25757.5,25956.5,3005.4,10911.2,11119.9,272.4,5282.9,4213.8,12365.3,39282.2,18924.1,18897.9,16271.0,18207.7,3778.2,11140.2,5516.2,7523.3,17142.7,6799.0,14260.9,15246.2,31253.0,2604.8,8174.2,10935.5,4452.6,0.0,13817.4,4580.4,6407.7,904.9,3969.2,1825.4,16640.9,24913.0,6039.6,13507.1,6516.1,2430.6,3921.4,29356.9,5313.8,29166.1,15436.3,6034.6,9198.9,7486.9,2677.0,24605.5,11576.7,17630.9,3237.1,28604.9,17454.0,4742.0,6164.2
70396492,60447.3,17237.3,17047.5,19162.8,16971.3,11277.9,9342.5,831.8,19511.1,4637.4,13419.3,1764.2,1836.3,5157.7,12216.8,13368.8,14432.5,1617.3,10749.1,16437.2,37626.7,13119.1,2307.5,43538.3,6465.5,13668.7,58991.4,4715.9,3898.8,15017.1,13369.4,36291.5,17641.5,12071.4,15618.6,17453.5,12301.4,12914.1,9320.0,35321.4,15841.3,19181.1,19724.6,15748.0,10818.2,8850.3,16412.3,4897.7,13670.2,37389.0,24186.0,13896.6,6726.1,24068.2,14051.8,12075.8,11927.3,10584.9,38911.0,18283.7,18257.6,7753.8,17567.3,15349.6,9359.8,17079.6,8629.7,3934.4,16052.7,892.8,6728.9,42816.3,15214.0,10181.7,6750.4,12177.5,13727.1,0.0,11373.4,9914.1,13964.0,15532.5,14070.7,8123.7,23142.6,17611.0,3246.0,18378.9,14675.9,15484.7,11748.4,16885.3,40729.4,1618.9,17606.0,4845.0,9479.2,12443.6,6997.0,23550.2,15850.6,11629.2,40236.4,16540.7,12466.9,17735.6
70398370,51071.0,7861.0,7671.2,9786.5,7595.0,1902.7,4197.2,11008.4,10134.8,8212.1,4043.0,11219.1,11291.2,13152.1,2531.3,3185.0,7444.1,11072.1,11745.3,17423.5,28250.4,14115.4,11762.3,34162.0,12969.2,2336.2,49615.1,8523.9,13987.8,6891.0,6555.9,26915.2,17497.7,26605.2,8630.2,10465.1,2615.9,6731.2,10316.2,25945.0,6465.0,12192.7,10673.0,6371.7,11814.4,4398.1,17398.6,9909.6,4293.9,28012.7,25172.4,7083.0,12092.6,14691.9,5309.5,743.3,5744.4,11581.2,38498.1,18140.0,18113.8,14293.8,17423.5,5973.3,10356.1,7703.3,4625.2,15165.6,6676.4,12283.8,13269.0,33440.0,7240.6,7390.0,12116.9,2801.2,5562.1,11840.3,0.0,5296.6,6059.1,6156.2,7082.3,14663.8,24128.9,8234.7,11530.0,11390.5,7687.5,6108.4,26458.8,7509.0,31353.1,13459.2,8229.7,8394.7,6702.8,2758.1,21707.4,15073.7,16846.8,1945.0,30860.1,16669.9,3090.6,8359.3
70398392,51847.9,10682.6,10492.8,12608.1,10416.6,4723.2,1555.1,8978.2,12956.4,8055.5,6864.6,9188.9,9261.0,11121.9,3676.9,6814.1,6907.2,9041.9,8537.5,14215.7,31072.0,10907.6,9732.1,36983.6,10939.0,7114.0,50392.0,5316.1,11957.6,7491.7,5844.1,29736.8,14289.9,25605.2,8093.3,9928.2,3264.5,5388.8,7108.5,28766.7,9286.6,11655.8,12199.3,9193.3,8606.7,4240.6,14190.8,7879.4,7115.5,30834.3,21964.6,6371.3,8884.8,15766.3,6526.5,5521.1,4402.0,8373.4,35290.3,14932.2,14906.0,12263.6,14215.8,8794.9,7148.3,10524.9,4467.7,13135.4,9498.0,10253.5,11238.8,36261.6,7688.6,4182.3,8909.1,5622.8,6201.7,9810.0,4818.7,0.0,6438.7,8977.8,6545.3,12633.6,20921.1,11056.4,9499.8,10853.5,7150.5,8930.0,25458.9,10330.6,34174.7,11429.0,11051.3,5186.9,3495.0,3197.2,20707.5,16024.9,13639.0,5074.5,33681.7,13462.1,5912.2,11180.9
70400253,47041.2,5122.5,4932.8,7048.0,4856.5,5451.3,6195.5,12818.4,7404.5,11675.5,2920.7,13029.1,13101.2,14962.1,2906.1,4710.9,1632.4,12882.1,12362.3,18040.4,25627.3,14732.3,13572.3,31431.7,14779.2,8093.8,45585.2,9160.9,15797.8,1495.5,3367.6,24292.1,18114.6,30068.5,2957.5,5035.9,4262.5,5033.4,10933.2,23321.9,3726.5,6763.6,6532.8,3641.4,12431.4,7861.5,18015.6,11719.6,3815.5,25389.6,25789.3,2838.2,10744.0,10576.6,806.1,6500.9,4046.6,12198.1,39115.0,18756.9,18730.8,16103.8,18040.5,3234.9,10973.0,4972.9,8088.6,16975.6,6255.7,14093.8,15079.0,30709.7,2437.6,8007.0,10768.4,5017.9,657.2,13650.3,5798.4,6240.6,0.0,3425.9,1270.6,16473.8,24745.9,5496.3,13340.0,5961.3,1875.8,3378.1,29922.2,4770.5,28622.8,15269.2,5491.3,9031.7,7319.7,2871.5,25170.8,11033.4,17463.8,4664.8,28236.9,17286.8,4650.1,5620.9
70401488,46844.9,1805.1,1681.6,4390.0,1605.4,6093.0,8302.3,15113.5,5235.6,12317.2,3562.4,15324.2,15396.3,17257.2,5522.0,3423.6,4319.5,15177.2,15850.4,21528.6,23351.3,18220.4,15867.4,29262.9,17074.3,5735.0,45389.0,12629.0,18092.9,4026.9,7207.0,22016.1,21602.8,30710.2,5966.2,8875.4,6710.3,9350.7,14421.3,21045.9,1609.3,9212.5,5773.9,1421.7,15919.5,8503.2,21503.7,14014.7,4457.2,23113.6,29277.4,6677.6,16197.7,10454.5,4859.3,7142.6,8363.9,15686.3,42603.2,22245.0,22218.9,18398.9,21528.6,1117.7,14461.2,2804.1,8730.3,19270.7,3186.9,16388.8,17374.1,28540.9,6277.1,11495.1,16222.0,5659.6,4496.6,15945.3,6440.1,9401.6,4053.0,0.0,5110.0,18768.9,28234.0,2427.5,15635.1,9196.8,4123.0,1077.5,30563.9,1701.8,26454.0,17564.3,2422.5,12499.8,10807.8,5884.9,25812.5,10174.6,20951.9,5306.5,25960.9,20774.9,4999.5,2962.8
70408061,46340.9,5129.0,5005.5,8474.7,4929.2,6878.0,6724.2,13347.1,8847.8,13102.3,4347.4,13557.8,13629.9,15490.8,3933.9,6137.6,992.3,13410.8,12891.0,18569.1,24927.0,15261.0,14101.0,31993.2,15307.9,9520.5,44885.0,9689.6,16326.5,1296.8,3886.5,23591.8,18643.3,29974.1,2257.3,4508.5,6877.5,5562.0,11461.9,22621.7,5153.2,6236.2,5832.5,3539.4,12960.1,9288.2,18544.3,12248.3,5242.3,24689.3,26318.0,2287.0,11272.7,9876.4,1773.4,7927.6,4575.3,12726.8,39643.7,19285.6,19259.5,16632.5,18569.2,4661.6,11501.7,4846.3,9515.4,17504.3,6510.8,14622.4,15607.7,31271.2,1886.5,8535.7,11297.1,6444.6,1551.3,14178.9,7225.1,6769.2,1027.7,3323.9,0.0,17002.5,25274.5,5751.4,13868.7,5433.9,959.9,3248.8,29827.8,5025.6,29184.3,15797.9,5746.4,9560.4,7848.4,3899.2,25076.4,10333.2,17992.4,6091.6,27536.7,17815.5,6076.9,7047.6
70408272,65758.9,20209.3,20019.5,22134.8,19943.3,14249.9,12314.5,5513.5,22483.1,8956.5,16391.2,5191.5,5567.0,2019.7,15188.8,16340.8,17404.5,5840.5,12365.3,18002.8,40598.7,13786.1,5459.6,46510.3,3327.5,16640.7,64302.9,6227.6,2370.6,17989.0,16341.4,39263.5,9825.9,17725.4,18590.6,20425.5,15273.4,15886.1,10636.7,38293.3,18813.3,22153.1,22696.6,18720.0,12434.4,11822.3,17977.9,6409.5,16642.2,40361.0,25751.7,16868.6,8042.8,29296.5,17023.8,15047.8,14899.3,12507.4,31095.5,10468.2,10442.1,2676.6,9751.8,18321.6,10676.6,20051.5,11601.7,3548.4,19024.7,6788.8,1651.8,45788.3,18186.0,11498.4,8067.1,15149.5,16699.0,6345.3,14345.3,12886.1,16936.0,18504.5,17042.7,0.0,24708.2,20583.0,4270.1,21350.9,17647.8,18456.7,17402.4,19857.3,43701.4,7272.9,20578.0,6356.8,9991.2,15415.6,12651.0,29555.1,9262.9,14601.2,43208.3,8725.2,15438.9,20707.6
70408277,61983.2,29488.1,29298.3,31413.6,29222.1,23406.0,20237.8,22416.8,33837.8,24650.8,25938.5,21686.3,22004.4,21586.5,23201.5,25496.8,25279.6,21950.4,13385.9,6801.9,45545.2,12242.9,21456.8,53405.6,21403.5,25796.8,60527.2,19765.7,22422.2,25864.1,20138.4,44210.0,12700.7,34699.5,25208.3,21297.1,22407.0,21160.8,15075.1,43239.8,28092.1,23556.6,30822.6,27876.1,13455.1,22923.3,6921.9,22103.8,25798.3,45307.5,1189.0,21134.4,17747.0,25520.8,24898.9,24203.9,22774.4,13528.0,18490.7,11870.0,12059.0,22728.2,12626.5,27600.4,15115.0,29207.6,23150.4,23600.0,28180.7,23692.1,21703.4,52683.6,21436.7,17218.0,17771.3,24305.6,24574.1,23248.6,23501.4,20809.4,24811.1,27660.6,24917.8,23098.2,0.0,29861.9,19964.3,24591.8,25522.9,27612.7,34376.5,29136.1,50596.7,24247.0,29856.8,19636.5,19457.3,22721.9,29625.1,25779.4,17459.5,23757.2,48154.8,17282.5,24594.9,29986.4
70408280,47781.5,1356.5,1827.0,3295.5,1880.2,8700.5,10909.8,16672.4,6865.7,13313.3,6169.9,16883.1,16955.2,19864.7,8129.5,4443.7,5995.7,16736.1,18457.9,24136.1,23506.5,20827.9,17426.3,29418.1,19681.8,4585.7,46325.5,15236.5,20700.4,6634.4,9814.5,22171.3,24210.3,31308.6,6408.6,9514.0,9317.8,11958.2,17028.8,21201.1,2411.9,10814.7,7376.1,3098.0,18527.0,11110.7,24111.2,16622.2,7064.7,23268.8,31884.9,9285.1,18805.2,11391.1,7466.8,6221.2,10971.4,18293.8,45210.7,24852.5,24826.4,21006.4,24136.1,3480.3,17068.7,3363.4,11337.8,21878.2,1589.8,17947.7,19981.6,28696.1,8884.6,14102.6,18829.5,5776.8,7104.1,17504.2,9047.6,12009.1,6660.5,2624.0,7717.5,21376.4,30841.5,0.0,18242.6,10799.0,5528.7,3406.8,31162.3,953.4,26609.2,19123.2,5.0,15107.3,13415.3,8492.4,26410.8,12382.8,23559.4,7914.0,26116.1,23382.5,5109.1,1868.3
70412170,59612.2,16402.3,16212.5,18327.7,16136.2,10442.9,8507.4,2490.1,18676.0,5149.5,12584.2,1759.6,2077.7,3901.3,11381.8,12533.7,13597.5,2023.7,8258.8,13946.9,36791.7,10628.8,1530.1,42703.3,3718.3,12833.7,58156.3,2420.6,3381.5,14182.0,12534.4,35456.5,14011.1,14772.8,14783.6,16618.4,11466.4,12079.1,6829.7,34486.3,15006.2,18346.1,18889.6,14913.0,8327.9,8015.2,13922.0,2602.4,12835.2,36554.0,21695.7,13061.5,4235.7,23233.1,13216.8,11240.8,11092.3,8094.6,35011.5,14653.4,14627.3,5043.0,13937.0,14514.6,6869.5,16244.5,7794.6,5914.7,15217.6,3765.4,4018.2,41981.3,14378.9,7691.4,4260.1,11342.5,12892.0,3321.9,10538.3,9079.1,13129.0,14697.5,13235.6,5412.9,20652.3,16776.0,0.0,17543.8,13840.8,14649.6,14449.8,16050.2,39894.4,4320.3,16771.0,2549.7,6184.2,11608.6,9698.4,22715.2,13360.3,10794.1,39401.3,13830.0,11631.8,16900.6
70428043,41233.7,8704.9,7843.5,9758.4,7906.1,11110.5,10571.9,17194.8,8353.1,16543.0,10211.8,17405.5,17477.6,19338.6,9278.8,11709.7,5517.9,17258.5,16738.7,17808.0,21897.5,15838.7,17948.8,31498.6,19155.6,13532.9,39777.7,13537.3,20174.2,6102.4,6544.1,20562.3,21706.1,33821.8,5007.0,4288.1,10725.2,8143.1,15309.6,19592.1,9826.0,1035.2,5337.9,7884.0,16807.8,13511.5,17783.1,16096.0,11106.7,21659.8,25556.9,5338.6,15120.4,4771.3,6141.3,11940.0,8423.0,16574.5,42706.5,22348.4,22322.3,20480.2,21632.0,9334.4,15349.4,7418.1,13738.7,21352.0,11357.5,18470.2,19455.4,30776.6,4938.0,12383.4,15144.8,12309.0,5919.3,18026.7,11237.5,10617.0,5814.0,8216.7,5156.0,20850.2,24513.4,9610.1,17716.4,0.0,5761.2,7519.5,33675.5,9872.3,28689.7,19645.6,9605.1,13408.1,11696.1,9584.3,28924.1,5029.9,21055.3,11956.0,24507.1,20878.3,11648.9,8422.4
70433908,46175.2,4963.3,4839.8,7927.7,4763.5,6331.0,7012.5,13635.5,8682.0,12555.2,3800.4,13846.1,13918.3,15779.2,3785.8,5590.6,961.2,13699.2,13179.3,18857.5,24761.3,15549.4,14389.4,31827.5,15596.2,8973.4,44719.3,9977.9,16614.8,1168.1,4174.9,23426.1,18931.7,30262.5,2091.6,4796.9,5142.2,5850.4,11750.2,22455.9,4606.2,6524.5,5666.8,3373.7,13248.4,8741.2,18832.6,12536.6,4695.2,24523.6,26606.4,2575.4,11561.1,9710.6,1685.8,7380.6,4863.6,13015.2,39932.1,19574.0,19547.8,16920.9,18857.5,4114.6,11790.1,4680.6,8968.3,17792.6,7135.4,14910.8,15896.1,31105.5,2174.8,8824.0,11585.4,5897.6,1839.7,14467.3,6678.1,7057.6,879.7,3158.2,1031.5,17290.8,25562.9,6376.0,14157.0,5722.3,0.0,3083.0,30116.2,5650.2,29018.6,16086.2,6371.0,9848.8,8136.8,3751.2,25364.7,10167.5,18280.8,5544.5,27370.9,18103.9,5529.8,6500.6
70435202,45178.1,2456.2,1902.0,5200.5,1825.7,5842.2,8051.5,14862.7,4241.9,12066.4,3311.6,15073.4,15145.5,17006.4,5271.2,4074.6,3601.7,14926.4,15599.6,21277.8,22357.5,17969.7,15616.6,28269.1,16823.5,8484.7,43722.1,12378.2,17842.1,3727.4,6969.2,21022.3,21352.0,30459.5,4014.6,7119.9,6459.5,9099.9,14170.5,20052.1,2260.3,8218.7,4780.1,415.0,15668.7,8252.4,21252.9,13763.9,4206.5,22119.8,29026.6,5552.5,15946.9,8799.0,4608.5,6891.8,8113.1,15435.5,42352.4,21994.3,21968.1,18148.1,21277.8,1768.7,14210.4,1810.3,8479.5,19019.9,3838.0,16138.1,17123.3,27547.1,5151.9,11244.3,15971.2,5408.8,4861.1,15694.5,6189.3,9150.8,3815.2,740.2,4053.5,18518.1,27983.2,3078.6,15384.3,8203.0,3134.6,0.0,30313.1,2352.8,25460.2,17313.5,3073.5,12249.0,10557.1,5634.2,25561.7,9180.8,20701.1,5055.7,24967.1,20524.2,4748.7,3864.5
70450886,78738.7,32682.9,32493.1,34566.1,32416.8,26723.5,21517.4,13006.7,34956.6,16812.3,28864.8,13939.1,14011.2,16421.2,27662.4,28814.3,26607.4,13792.1,22924.0,28612.1,53072.3,25294.0,14482.3,58983.9,17729.0,29114.3,77282.8,16890.7,15411.3,27191.9,25544.3,51737.1,28905.0,1246.7,27793.5,29628.4,27747.0,25089.0,21494.9,50766.9,31286.8,31356.0,35494.9,31193.6,22993.1,24297.0,28587.2,17072.6,29115.8,52834.6,36360.9,26071.5,18900.9,42348.3,30131.3,27521.4,24102.2,22759.8,50174.5,29547.3,29521.2,19017.3,28830.9,30795.2,21534.7,32525.1,24075.2,13984.5,31498.2,12401.4,17992.5,58261.9,27388.9,22356.6,18925.3,27623.1,25901.9,12174.9,26818.9,22089.0,26138.9,30978.1,26245.5,19387.3,35317.5,33056.6,14758.5,30553.8,26850.7,30930.2,0.0,32330.8,56175.0,11131.2,33051.6,17019.9,21654.1,27889.2,5541.6,43340.0,28341.9,27074.7,55681.9,27804.3,27912.4,33172.9
70464520,47183.8,953.5,1245.3,2853.7,1477.2,7799.7,10009.0,16820.2,6275.8,14023.9,5269.1,17030.9,17103.0,18963.9,7228.7,5130.3,5592.7,16883.9,17557.1,23235.3,23064.7,19927.2,17574.1,28976.3,18781.0,5388.9,45727.8,14335.7,19799.6,5733.6,8913.7,21729.5,23309.5,32416.9,6005.7,9111.0,8417.0,11057.4,16128.0,20759.4,3316.0,10224.8,6786.2,2695.0,17626.2,10209.9,23210.4,15721.4,6163.9,22827.0,30984.1,8384.4,17904.4,10793.3,6566.0,8849.3,10070.6,17393.0,44309.9,23951.7,23925.6,20105.6,23235.3,2824.4,16167.9,2781.7,10437.0,20977.4,2393.0,18095.5,19080.8,28254.3,7983.8,13201.8,17928.7,7366.3,6203.3,17652.0,8146.8,11108.3,5759.7,2221.0,6816.7,20475.6,29940.7,1460.0,17341.8,10209.1,5125.7,3003.9,32270.6,0.0,26167.4,19271.0,1455.0,14206.5,12514.6,7591.7,27519.2,11785.1,22658.6,7013.2,25674.4,22481.7,6706.2,1426.6
70465560,35940.0,26628.1,26621.7,24723.5,26807.1,31593.4,33802.8,40614.0,23176.0,37817.7,29062.8,40824.6,40896.8,42757.7,31022.4,30560.7,30249.3,40677.7,41350.9,44088.4,6738.8,42119.1,41367.9,7842.2,42574.7,34235.9,34787.1,38129.4,43593.3,30156.8,31624.3,6159.9,47986.5,56210.7,28494.0,29368.3,32210.7,34851.1,39921.8,7777.8,28382.5,29724.2,24401.8,26735.0,41420.0,34003.6,44063.5,39515.1,29957.7,6501.2,51837.3,32200.1,41698.1,25694.8,30359.7,32643.0,33864.4,41186.7,68986.9,48628.8,48602.6,43899.4,47912.4,27890.9,39961.6,26278.3,34230.8,44771.1,28725.3,41889.3,42874.6,8534.6,31799.5,36995.6,41722.5,31160.0,30612.4,41445.8,31940.5,34902.1,29566.5,27067.7,30701.1,44269.3,50793.8,27965.9,41135.5,26919.5,29782.2,26370.5,56064.4,27240.1,0.0,43064.7,27960.9,38000.2,36308.3,31385.4,51312.9,26686.5,47335.6,30807.0,6609.2,47158.7,30499.9,25965.5
70484079,62066.2,18856.2,18666.5,20781.7,18590.2,12896.8,10961.4,2450.7,21130.0,6256.3,15038.2,3383.1,3455.3,5865.3,13835.8,14987.7,16051.5,3236.2,12368.0,18056.1,39245.7,14738.1,3926.4,45157.3,7173.1,15287.6,60610.3,6334.8,4855.4,16636.0,14988.4,37910.5,18349.1,11039.3,17237.6,19072.4,13920.4,14533.0,10938.9,36940.3,17460.2,20800.1,21343.6,17367.0,12437.1,10469.2,18031.2,6516.7,15289.2,39008.0,25805.0,15515.5,8345.0,25687.1,15670.8,13694.8,13546.3,12203.9,39618.6,18991.3,18965.2,8461.4,18274.9,16968.6,10978.8,18698.5,10248.6,3428.6,17671.6,1845.4,7436.5,44435.3,16832.9,11800.6,8369.3,13796.5,15346.0,1618.9,12992.3,11533.0,15583.0,17151.4,15689.6,8831.3,24761.5,19230.0,4202.6,19997.8,16294.8,17103.6,10716.3,18504.2,42348.4,0.0,19225.0,6464.0,11098.1,14062.6,5964.9,25169.1,17786.0,13248.1,41855.3,17248.3,14085.8,19354.6
70490240,47776.5,1351.5,1832.0,3300.5,1875.2,8197.6,10407.0,16667.4,6860.7,13308.2,5667.0,16878.0,16950.2,19361.9,7626.7,4448.7,5990.7,16731.1,17955.1,23633.2,23511.5,20325.1,17421.3,29423.1,19178.9,4590.7,46320.5,14733.6,20197.5,6131.6,9311.7,22176.3,23707.4,31303.6,6403.6,9509.0,8814.9,11455.4,16526.0,21206.1,2416.9,10809.7,7371.0,3093.0,18024.2,10607.8,23608.4,16119.3,6561.9,23273.8,31382.1,8782.3,18302.3,11386.0,6964.0,6226.2,10468.6,17790.9,44707.8,24349.7,24323.6,20503.6,23633.3,3485.3,16565.8,3368.4,10835.0,21375.3,1594.8,17942.7,19478.8,28701.1,8381.8,13599.8,18326.7,5781.8,6601.3,17499.2,8544.8,11506.3,6157.7,2619.0,7214.7,20873.5,30338.7,5.0,17739.7,10793.9,5523.7,3401.8,31157.3,948.4,26614.2,19118.1,0.0,14604.5,12912.5,7989.6,26405.8,12377.8,23056.6,7411.2,26121.1,22879.6,5114.1,1873.3
70494785,54397.5,13665.3,13475.5,15590.8,13399.3,7583.1,4415.0,5299.8,15816.3,5735.5,10115.7,4569.2,4887.3,4469.5,7378.7,9674.0,9456.8,4833.3,8826.9,14515.0,32882.3,11197.0,4339.7,39843.6,4286.5,9974.0,52941.6,129.2,5305.1,10041.3,8393.7,31547.1,14579.3,17582.4,10642.9,12477.8,6584.2,7938.4,7397.8,30576.9,12269.3,14205.4,14748.9,12053.3,8896.1,7100.5,14490.2,3188.4,9975.5,32644.6,22263.9,8920.9,4803.9,18315.9,9076.1,8381.1,6951.6,8662.8,35579.7,15221.6,15195.4,5611.2,14505.2,11777.6,7437.7,13384.8,7327.6,6482.9,12357.9,6575.1,4586.3,39121.6,10238.3,2443.8,4828.2,8482.8,8751.3,6131.6,7678.6,4986.6,8988.3,11837.8,9094.9,5981.1,21220.4,14039.0,2847.3,13403.1,9700.1,11789.9,17259.5,13313.3,37034.7,7130.0,14034.0,0.0,3634.4,6899.1,12508.0,18574.5,13928.4,7934.4,35491.9,14398.1,8772.1,14163.6
70494786,52127.0,11394.7,11205.0,13320.2,11128.7,6758.9,3590.8,9128.9,13671.0,8477.1,7845.2,10290.5,9411.7,10190.7,6531.9,8849.8,7186.2,9192.6,6003.9,11682.1,30611.7,8374.0,10061.0,37698.3,10007.8,9149.7,50671.0,3288.8,11026.4,7770.8,5504.1,29276.5,11756.3,25755.9,8372.3,10207.2,5759.9,4397.4,4574.8,28306.3,9998.7,11934.8,12478.3,9908.0,6073.1,6276.2,11657.2,8030.1,9151.2,30374.0,19431.0,6038.1,6351.2,16045.3,6805.5,7556.8,3410.6,5839.8,32756.7,12398.6,12372.4,11332.4,11682.2,9507.1,4614.7,11239.5,6503.4,12204.2,12527.9,10404.3,10307.6,36976.3,6407.4,1648.7,6375.5,7658.5,6480.8,9960.7,6854.3,4162.4,6717.7,9692.5,6824.4,11702.4,18387.5,11768.5,8568.6,11132.6,7429.5,9644.6,25609.6,11042.7,34889.4,11579.7,11763.5,3159.6,0.0,6052.3,20858.2,16303.9,11105.4,7110.2,33221.3,10928.5,7947.9,11893.1
70494791,49412.5,6858.6,6668.9,8784.1,6592.6,1997.0,2820.7,11008.4,9134.9,8212.1,3309.0,11219.1,11291.2,13152.1,458.6,4086.8,5241.6,11072.1,9978.2,15656.4,27250.6,12348.3,11762.3,33162.2,12969.2,4419.4,47956.6,6776.8,13987.8,3866.8,4353.4,25915.4,15730.6,26605.1,6427.8,8262.6,1611.7,4528.7,8549.1,24945.2,5462.6,9990.3,8904.1,5371.9,10047.4,4398.1,15631.5,9909.6,2202.3,27012.9,23405.3,4880.5,8360.0,12947.9,2285.2,2826.5,3542.0,9814.1,36731.0,16372.9,16346.7,14293.8,15656.5,4971.0,8589.0,6703.4,4625.2,15165.6,7991.8,12283.7,13269.0,32440.2,6023.1,5623.0,8384.3,2895.5,2537.9,11840.2,2124.1,3210.4,3034.9,5156.4,4879.8,14663.8,22361.8,7232.4,11530.0,9188.0,3552.1,5108.5,26458.8,6506.6,30353.3,13459.2,7227.3,6647.7,4935.7,0.0,21707.4,14359.3,15079.7,1020.4,29860.2,14902.8,3184.9,7357.0
70521396,73596.6,27540.7,27350.9,29423.9,27274.7,21581.3,16375.2,7864.5,29814.5,11670.1,23722.7,8796.9,8869.1,11279.1,22520.2,23672.2,21465.3,8650.0,17781.8,23469.9,47930.1,20151.9,9340.2,53841.8,12586.9,23972.1,72140.6,11748.6,10269.2,22049.8,20402.2,46594.9,23762.9,5297.4,22651.4,24486.2,22604.8,19946.9,16352.7,45624.8,26144.7,26213.9,30352.7,26051.4,17850.9,19154.8,23445.0,11930.5,23973.6,47692.4,31218.8,20929.3,13758.8,37206.1,24989.2,22379.2,18960.1,17617.7,45032.4,24405.1,24379.0,13875.2,23688.7,25653.0,16392.6,27383.0,18933.1,8842.4,26356.1,7259.2,12850.3,53119.7,22246.7,17214.4,13783.1,22480.9,20759.8,7032.7,21676.8,16946.8,20996.8,25835.9,21103.4,14245.1,30175.3,27914.4,9616.4,25411.6,21708.6,25788.1,4974.5,27188.7,51032.8,5989.0,27909.4,11877.8,16511.9,22747.0,0.0,38197.9,23199.8,21932.6,50539.8,22662.1,22770.3,28030.7
70521405,37777.4,10169.4,9308.1,11222.9,9370.6,14207.0,16416.3,23227.5,9632.1,20431.2,11676.4,23438.2,23510.3,26231.1,13636.0,13174.2,10441.6,23291.2,18127.1,18953.4,21339.4,16984.1,23981.4,29199.8,26048.1,16849.5,36321.5,18617.6,27066.7,10349.1,11624.4,20004.2,22851.5,38824.3,8686.3,6571.3,14824.3,13223.4,19816.3,19034.1,11290.6,4989.1,6616.9,9348.5,18196.2,16617.2,18928.5,22128.7,12571.2,21101.8,26702.2,10418.9,22391.5,1315.1,12973.3,15256.6,13503.3,18269.2,43851.9,23493.8,23467.6,27372.8,22777.4,10798.9,19856.1,8882.7,16844.3,28244.5,12822.1,24502.8,26347.9,28477.8,10018.3,17463.7,22415.9,13773.6,11656.7,24059.3,14554.1,15697.3,10854.2,9681.3,10893.5,27742.7,25658.8,11074.7,24608.9,4973.4,9974.6,8984.1,38677.9,11336.9,26390.9,25678.3,11069.6,18488.4,16776.5,13999.0,33926.5,0.0,22200.6,13420.5,23949.1,22023.7,13113.5,9886.9
70525152,58397.1,22172.9,21983.1,24098.4,21906.9,16090.7,12922.6,15537.3,24323.9,18980.4,18623.3,15215.4,15590.8,12043.5,15886.3,18181.6,17964.4,15864.3,5003.5,10641.0,41959.1,6424.3,15483.4,48351.2,13351.3,18481.5,56941.1,12450.5,12394.4,18548.9,16552.3,40623.9,875.8,27749.2,19150.5,17711.0,15091.8,16446.0,6692.7,39653.7,20776.9,19970.5,23256.5,20560.8,5072.6,15608.1,10616.1,16433.3,18483.0,41721.4,18389.9,17548.2,10417.5,21934.7,17583.7,16888.6,15459.2,5145.6,21876.2,1518.1,1492.0,10645.3,801.7,20285.2,6732.5,21892.4,15835.2,13572.2,20865.5,16812.6,11675.6,47629.1,17850.6,9902.8,10441.8,16990.3,17258.9,16369.1,16186.2,13494.2,17495.9,20345.3,17602.5,10023.8,17346.4,22546.6,14293.9,21005.7,18207.7,20297.5,27426.3,21820.9,45542.2,17296.8,22541.6,12321.3,12142.0,15406.7,22674.8,22193.3,0.0,16442.0,44568.7,1158.2,17279.7,22671.2
70535019,50360.1,7150.2,6960.4,9075.6,6884.1,1191.9,3404.9,10216.1,9423.9,7419.8,3332.1,10426.8,10498.9,12359.8,1724.6,3281.6,6637.4,10279.8,10953.0,16631.2,27539.6,13323.0,10970.0,33451.2,12176.9,3834.3,48904.2,7731.6,13195.5,6180.2,5749.1,26204.4,16705.4,25812.8,7823.5,9658.3,1809.2,5924.5,9523.9,25234.2,5754.1,11386.0,9962.2,5660.9,11022.1,3605.8,16606.3,9117.3,3583.1,27301.9,24380.0,6276.3,11300.3,13981.0,4598.6,2241.5,4937.7,10788.9,37705.8,17347.6,17321.5,13501.5,16631.2,5262.5,9563.8,6992.4,3832.9,14373.3,5965.5,11491.4,12476.7,32729.2,6529.8,6597.7,11324.6,2090.4,4851.3,11047.9,1539.0,4504.2,5348.3,5445.4,6275.5,13871.5,23336.6,7523.9,10737.7,10583.7,6880.7,5397.5,25666.5,6798.1,30642.3,12666.9,7518.9,7602.4,5910.4,1951.4,20915.1,14362.8,16054.5,0.0,30149.2,15877.6,2379.7,7648.5
70544149,30586.5,25329.2,25322.8,23424.6,25508.2,30294.5,32503.9,39315.1,21877.1,36518.8,27763.9,39525.7,39597.9,41458.8,29723.6,29261.8,27942.9,39378.8,40804.2,41630.5,4026.5,39661.2,40069.0,12389.8,41275.8,32937.0,29433.6,36159.6,42294.4,27850.4,29166.4,4382.0,45528.6,54911.8,26187.6,26910.4,30911.8,30765.4,37931.9,5999.8,27083.7,25263.9,23102.9,25436.1,40873.3,32704.7,41605.6,38216.2,28658.8,3457.6,49379.3,27960.8,37742.7,23236.8,29060.9,31344.1,31045.3,40946.3,66529.0,46170.9,46144.7,42600.5,45454.5,26592.0,37971.7,24979.4,32931.9,43472.2,27426.4,40590.4,41575.7,13082.2,27560.3,35005.7,37767.0,29861.2,29313.5,40146.9,30641.7,33603.2,28355.6,25768.8,27778.3,42970.4,48335.9,26667.0,39836.6,24461.6,27475.9,25071.7,54765.5,25941.3,7181.5,41765.8,26662.0,36030.4,34318.4,30086.5,50014.0,24228.6,44877.7,29508.1,0.0,44700.8,29201.0,24666.6
70548634,58556.2,22332.0,22142.3,24257.5,22066.0,16249.9,13081.7,14609.2,24483.0,18052.2,18782.4,14287.2,14662.7,11115.4,16045.4,18340.7,18123.5,14936.2,5162.6,10800.1,42118.2,6583.4,14555.3,48510.3,12423.2,18640.7,57100.3,15323.3,11466.3,18708.0,16711.5,40783.0,1070.0,26821.1,19309.6,17870.1,15250.9,16605.1,6851.8,39812.8,20936.0,20129.7,23415.6,20720.0,5231.8,15767.2,10775.3,15505.2,18642.2,41880.5,18549.0,17707.4,10576.6,22093.8,17742.8,17047.8,15618.3,5304.7,21967.2,1712.2,1686.1,9717.2,995.8,20444.3,6891.7,22051.5,15994.4,12644.1,21024.6,15884.5,10747.5,47788.3,18009.7,10061.9,10601.0,17149.5,17418.0,15441.0,16345.3,13653.3,17655.0,20504.5,17761.7,9095.7,17505.5,22705.8,13365.7,21164.8,18366.8,20456.6,26498.1,21980.0,45701.4,16368.6,22700.7,12480.4,12301.2,15565.8,21746.7,22352.4,1006.7,16601.1,44727.8,0.0,17438.8,22830.3
70556250,49600.3,4841.9,6200.5,6767.4,6124.3,1463.0,5710.1,12521.4,8664.1,9725.0,2572.3,12732.0,12804.1,14665.1,2303.2,901.9,6004.0,12585.0,13258.2,18936.4,26779.7,15628.3,13275.3,32691.3,14482.1,3373.7,48144.4,10036.8,15500.7,5420.3,6387.6,25444.5,19010.6,28118.1,6882.4,9546.2,3659.6,7173.8,11829.1,24474.3,2740.7,12640.9,9202.3,4901.0,13327.4,5911.0,18911.5,11422.5,2823.2,26542.0,26685.3,6170.5,13605.5,13221.2,3838.8,2240.8,6187.0,13094.1,40011.0,19652.9,19626.7,15806.7,18936.5,4502.6,11869.0,6232.5,6138.1,16678.5,4084.7,13796.7,14781.9,31969.3,5769.9,8903.0,13629.8,1220.2,4091.4,13353.2,2294.9,6809.5,4588.4,4685.5,5642.1,16176.7,25641.8,5215.6,13042.9,10471.6,5105.6,4637.7,27971.7,4489.9,29882.4,14972.1,5210.6,9907.6,8215.7,2601.7,23220.3,13603.0,18359.7,2610.5,29389.4,18182.8,0.0,5340.2
70584255,46804.6,1012.5,1006.1,2474.5,1191.5,7879.5,10088.9,16900.1,5896.6,14103.8,5348.9,17110.7,17182.9,19043.8,7308.6,4965.3,5773.8,16963.8,17637.0,23315.2,22685.5,20007.0,17654.0,28597.2,18860.8,5385.1,45348.6,14415.5,19879.4,5813.5,8993.6,21350.3,23389.3,33569.5,7752.8,10662.0,8496.8,11137.3,16207.9,20380.2,3151.0,9845.6,6407.0,2876.1,17706.1,10289.7,23290.3,15801.2,6243.8,22447.9,31064.0,8464.2,17984.3,10414.2,6645.9,8929.1,10150.5,17472.8,44389.7,24031.6,24005.5,20185.5,23315.2,2659.4,16247.7,2542.5,10516.9,21057.2,2389.2,18175.4,19160.7,27875.1,8063.7,13281.7,18008.6,7446.2,6283.2,17731.9,8226.7,11188.2,5839.6,2402.1,6896.6,20555.4,30020.6,1456.2,17421.6,9829.9,5909.6,3184.9,33423.2,861.5,25788.2,19350.8,1451.2,14286.4,12594.4,7671.5,28671.7,11405.9,22738.5,7093.1,25295.2,22561.5,6786.0,0.0
